model,split,row_type,group,n_groups,sinkhorn_de,centered_sinkhorn_de,variance_log_mae_de
CRISP,split,group,Myeloid cells_Belinostat,1,86.31604766845703,43.77717971801758,0.8378560543060303
CRISP,split,group,Myeloid cells_CHIR99021,1,42.028221130371094,22.33254051208496,0.4027338922023773
CRISP,split,group,Myeloid cells_Crizotinib,1,8.215232849121094,2.6031460762023926,0.07226695120334625
CRISP,split,group,Myeloid cells_Dabrafenib,1,91.0695571899414,60.50498962402344,1.054650902748108
CRISP,split,group,Myeloid cells_Dactolisib,1,105.25592803955078,9.244616508483887,0.24969801306724548
CRISP,split,group,Myeloid cells_Foretinib,1,4.290274620056152,2.243579864501953,0.0596788227558136
CRISP,split,group,Myeloid cells_Idelalisib,1,1.474599838256836,0.1918908953666687,0.008983351290225983
CRISP,split,group,Myeloid cells_LDN193189,1,6.783308982849121,5.107311248779297,0.1449117213487625
CRISP,split,group,Myeloid cells_Linagliptin,1,22.093387603759766,12.747669219970703,0.21346917748451233
CRISP,split,group,Myeloid cells_ODemethylatedAdapalene,1,46.989471435546875,21.342132568359375,0.36431407928466797
CRISP,split,group,Myeloid cells_Palbociclib,1,34.89940643310547,29.410015106201172,0.499191015958786
CRISP,split,group,Myeloid cells_Penfluridol,1,3.066997528076172,2.283440589904785,0.06540188938379288
CRISP,split,group,Myeloid cells_PorcnInhibitorIII,1,99.15199279785156,58.04426574707031,0.9584205150604248
CRISP,split,group,Myeloid cells_R428,1,182.68032836914062,21.018775939941406,0.4662528932094574
CRISP,split,group,T regulatory cells_59Isopropyl8methyl2morpholino9Hpurin6ylpyrimidin2amine,1,8.81054401397705,1.4678468704223633,0.048232465982437134
CRISP,split,group,T regulatory cells_ABT199GDC0199,1,2.7726128101348877,0.4102952182292938,0.016383547335863113
CRISP,split,group,T regulatory cells_ABT737,1,7.745610237121582,1.2817559242248535,0.049246374517679214
CRISP,split,group,T regulatory cells_AMD070hydrochloride,1,6.897146224975586,1.2255010604858398,0.04580792784690857
CRISP,split,group,T regulatory cells_AT13387,1,50.95218276977539,6.233483791351318,0.21212318539619446
CRISP,split,group,T regulatory cells_AT7867,1,5.261347770690918,1.550743818283081,0.04948694258928299
CRISP,split,group,T regulatory cells_AVL292,1,6.713980197906494,1.5939440727233887,0.05118453502655029
CRISP,split,group,T regulatory cells_AZ628,1,6.328958511352539,0.890225887298584,0.03312806040048599
CRISP,split,group,T regulatory cells_AZD3514,1,7.334917068481445,1.1025733947753906,0.040966201573610306
CRISP,split,group,T regulatory cells_AZD4547,1,7.566472053527832,0.9079803228378296,0.035618845373392105
CRISP,split,group,T regulatory cells_AZD8330,1,5.619387149810791,0.44286370277404785,0.017648357897996902
CRISP,split,group,T regulatory cells_Alogliptin,1,6.224601745605469,0.6986672282218933,0.027317838743329048
CRISP,split,group,T regulatory cells_Alvocidib,1,166.13345336914062,10.085689544677734,0.3038440942764282
CRISP,split,group,T regulatory cells_Amiodarone,1,5.124665260314941,0.5073083639144897,0.020231623202562332
CRISP,split,group,T regulatory cells_Atorvastatin,1,3.565742015838623,1.0900962352752686,0.036177076399326324
CRISP,split,group,T regulatory cells_Azacitidine,1,5.9295244216918945,1.038011074066162,0.03688395395874977
CRISP,split,group,T regulatory cells_BAY613606,1,13.828386306762695,1.959092378616333,0.072083979845047
CRISP,split,group,T regulatory cells_BAY872243,1,8.500560760498047,6.070039749145508,0.13548484444618225
CRISP,split,group,T regulatory cells_BID1870,1,10.46741771697998,1.346571683883667,0.05170261487364769
CRISP,split,group,T regulatory cells_BMS265246,1,5.285209655761719,1.1444592475891113,0.03734787181019783
CRISP,split,group,T regulatory cells_BMS387032,1,42.519378662109375,20.561325073242188,0.3825656771659851
CRISP,split,group,T regulatory cells_BMS536924,1,13.407508850097656,1.208035945892334,0.04645560309290886
CRISP,split,group,T regulatory cells_BMS777607,1,7.476278781890869,1.4176033735275269,0.047169338911771774
CRISP,split,group,T regulatory cells_BX912,1,27.551246643066406,3.5121121406555176,0.12642422318458557
CRISP,split,group,T regulatory cells_Belinostat,1,46.304039001464844,19.98863410949707,0.307101309299469
CRISP,split,group,T regulatory cells_Bosutinib,1,9.58774185180664,0.5572632551193237,0.023287665098905563
CRISP,split,group,T regulatory cells_Buspirone,1,4.550000190734863,1.0535885095596313,0.03932332620024681
CRISP,split,group,T regulatory cells_CC401,1,6.578350067138672,0.9791087508201599,0.037731535732746124
CRISP,split,group,T regulatory cells_CEP37440,1,3.2137794494628906,0.9384804964065552,0.03416956216096878
CRISP,split,group,T regulatory cells_CGM097,1,9.328441619873047,1.5942667722702026,0.06115419790148735
CRISP,split,group,T regulatory cells_CGP60474,1,208.16351318359375,27.863903045654297,0.37454861402511597
CRISP,split,group,T regulatory cells_CHIR99021,1,6.974335670471191,1.0597134828567505,0.03989623114466667
CRISP,split,group,T regulatory cells_Cabozantinib,1,4.66499662399292,0.4596548080444336,0.018314283341169357
CRISP,split,group,T regulatory cells_Canertinib,1,3.1570076942443848,0.5914941430091858,0.027459969744086266
CRISP,split,group,T regulatory cells_Ceritinib,1,4.315439224243164,0.46314239501953125,0.01767101138830185
CRISP,split,group,T regulatory cells_Chlorpheniramine,1,5.385457992553711,0.9673199653625488,0.03769224137067795
CRISP,split,group,T regulatory cells_Clemastine,1,4.183706283569336,0.5986671447753906,0.02338171936571598
CRISP,split,group,T regulatory cells_Clomipramine,1,4.11053466796875,1.508699655532837,0.04289228469133377
CRISP,split,group,T regulatory cells_Clotrimazole,1,9.54805850982666,2.1689047813415527,0.06253959983587265
CRISP,split,group,T regulatory cells_Colchicine,1,12.161800384521484,0.9722725749015808,0.0379367396235466
CRISP,split,group,T regulatory cells_Colforsin,1,6.611742973327637,0.7467500567436218,0.029526354745030403
CRISP,split,group,T regulatory cells_Crizotinib,1,6.839189529418945,1.2436256408691406,0.04390614107251167
CRISP,split,group,T regulatory cells_Dabrafenib,1,83.5775375366211,80.82603454589844,1.0278488397598267
CRISP,split,group,T regulatory cells_Dactolisib,1,10.199853897094727,2.4657530784606934,0.06373859196901321
CRISP,split,group,T regulatory cells_Dasatinib,1,7.091819763183594,0.7501434087753296,0.029406284913420677
CRISP,split,group,T regulatory cells_Decitabine,1,12.50704288482666,1.5229437351226807,0.058351751416921616
CRISP,split,group,T regulatory cells_Defactinib,1,7.610836505889893,1.1030982732772827,0.04289620369672775
CRISP,split,group,T regulatory cells_Desloratadine,1,6.724936485290527,2.4191858768463135,0.06481453776359558
CRISP,split,group,T regulatory cells_Disulfiram,1,3.3918464183807373,0.3186239004135132,0.012722822837531567
CRISP,split,group,T regulatory cells_Dovitinib,1,5.141436576843262,1.2848678827285767,0.04466810077428818
CRISP,split,group,T regulatory cells_Doxorubicin,1,8.516213417053223,2.8722546100616455,0.07887037098407745
CRISP,split,group,T regulatory cells_FK866,1,5.224235534667969,0.5385452508926392,0.021432366222143173
CRISP,split,group,T regulatory cells_Flutamide,1,7.281136512756348,1.0991253852844238,0.04257305711507797
CRISP,split,group,T regulatory cells_Foretinib,1,4.380614757537842,0.42055827379226685,0.016821816563606262
CRISP,split,group,T regulatory cells_GLPG0634,1,10.81230354309082,1.9392979145050049,0.07130366563796997
CRISP,split,group,T regulatory cells_GO6976,1,14.986785888671875,1.5919435024261475,0.060334209352731705
CRISP,split,group,T regulatory cells_GSK1070916,1,4.86942195892334,1.7059404850006104,0.05617426335811615
CRISP,split,group,T regulatory cells_GSK256066,1,3.4197440147399902,0.3396793305873871,0.01366394478827715
CRISP,split,group,T regulatory cells_GW843682X,1,3.6877963542938232,0.5967233777046204,0.023304685950279236
CRISP,split,group,T regulatory cells_HMN214,1,3.5335471630096436,0.5438945293426514,0.022841062396764755
CRISP,split,group,T regulatory cells_HYDROXYUREA,1,3.2157397270202637,0.7482978701591492,0.028111988678574562
CRISP,split,group,T regulatory cells_IBET151,1,7.408543586730957,1.4428584575653076,0.04546023905277252
CRISP,split,group,T regulatory cells_IKKInhibitorVII,1,11.579227447509766,1.1684210300445557,0.04508502781391144
CRISP,split,group,T regulatory cells_IMD0354,1,6.123739242553711,1.1693196296691895,0.03878934308886528
CRISP,split,group,T regulatory cells_IN1451,1,143.87509155273438,96.61642456054688,0.7949716448783875
CRISP,split,group,T regulatory cells_Idelalisib,1,6.193615913391113,0.34724879264831543,0.013977354392409325
CRISP,split,group,T regulatory cells_Imatinib,1,10.786144256591797,1.8211545944213867,0.06524796783924103
CRISP,split,group,T regulatory cells_Isoniazid,1,4.8646392822265625,0.9464943408966064,0.03414526581764221
CRISP,split,group,T regulatory cells_Ixabepilone,1,7.137494087219238,3.9636950492858887,0.08894786983728409
CRISP,split,group,T regulatory cells_K02288,1,6.208550930023193,0.5771450996398926,0.022197164595127106
CRISP,split,group,T regulatory cells_Ketoconazole,1,9.115137100219727,1.3769969940185547,0.043849702924489975
CRISP,split,group,T regulatory cells_LDN193189,1,4.4556989669799805,0.9846764802932739,0.037221793085336685
CRISP,split,group,T regulatory cells_LY2090314,1,5.545306205749512,0.839053750038147,0.031536731868982315
CRISP,split,group,T regulatory cells_Lamivudine,1,6.940332889556885,1.6658731698989868,0.046780701726675034
CRISP,split,group,T regulatory cells_Lapatinib,1,4.088088512420654,1.3197616338729858,0.04530595615506172
CRISP,split,group,T regulatory cells_Linagliptin,1,3.109222412109375,0.6525145769119263,0.02503136545419693
CRISP,split,group,T regulatory cells_MGCD265,1,8.322312355041504,0.778234601020813,0.030659634619951248
CRISP,split,group,T regulatory cells_MK5108,1,7.635894775390625,4.164510726928711,0.08246192336082458
CRISP,split,group,T regulatory cells_Masitinib,1,2.873782157897949,0.7566002607345581,0.028654228895902634
CRISP,split,group,T regulatory cells_Methotrexate,1,2.8640851974487305,0.5955057144165039,0.02217463217675686
CRISP,split,group,T regulatory cells_Midostaurin,1,6.4555158615112305,1.7801709175109863,0.05427521839737892
CRISP,split,group,T regulatory cells_MometasoneFuroate,1,5.930520057678223,1.179781436920166,0.041778381913900375
CRISP,split,group,T regulatory cells_MubritinibTAK165,1,6.463615417480469,0.8448984622955322,0.03292669355869293
CRISP,split,group,T regulatory cells_Navitoclax,1,3.170337200164795,0.6058286428451538,0.023045353591442108
CRISP,split,group,T regulatory cells_Nefazodone,1,6.040236473083496,0.8732035160064697,0.034279078245162964
CRISP,split,group,T regulatory cells_Nilotinib,1,14.831185340881348,2.5459811687469482,0.07704270631074905
CRISP,split,group,T regulatory cells_ODemethylatedAdapalene,1,5.4422607421875,0.7082303762435913,0.032083362340927124
CRISP,split,group,T regulatory cells_OSI930,1,5.406063556671143,0.911341667175293,0.03397824242711067
CRISP,split,group,T regulatory cells_OprozomibONX0912,1,65.97054290771484,58.66266632080078,0.7804290056228638
CRISP,split,group,T regulatory cells_Oxybenzone,1,6.943538665771484,2.2549195289611816,0.05913393199443817
CRISP,split,group,T regulatory cells_PD0325901,1,7.671314239501953,0.8404425382614136,0.03111584112048149
CRISP,split,group,T regulatory cells_PF03814735,1,14.764549255371094,1.1919386386871338,0.0474381260573864
CRISP,split,group,T regulatory cells_PF04691502,1,21.178455352783203,1.728574514389038,0.0637730285525322
CRISP,split,group,T regulatory cells_PRT062607,1,18.291763305664062,2.86928653717041,0.10475032031536102
CRISP,split,group,T regulatory cells_Palbociclib,1,6.175354957580566,2.2934470176696777,0.06421999633312225
CRISP,split,group,T regulatory cells_Penfluridol,1,6.676662445068359,1.1352148056030273,0.04324006661772728
CRISP,split,group,T regulatory cells_Perhexiline,1,5.74449348449707,1.5902775526046753,0.053331565111875534
CRISP,split,group,T regulatory cells_Phenylbutazone,1,7.265659332275391,4.451814651489258,0.10396060347557068
CRISP,split,group,T regulatory cells_PitavastatinCalcium,1,9.116811752319336,0.6246678233146667,0.02701304852962494
CRISP,split,group,T regulatory cells_Pomalidomide,1,4.083021640777588,1.1810545921325684,0.03866894543170929
CRISP,split,group,T regulatory cells_PorcnInhibitorIII,1,4.716911315917969,1.280686616897583,0.042975302785634995
CRISP,split,group,T regulatory cells_Prednisolone,1,13.54527473449707,3.587845802307129,0.0780351459980011
CRISP,split,group,T regulatory cells_Protriptyline,1,3.7587056159973145,0.6307150721549988,0.02487253211438656
CRISP,split,group,T regulatory cells_Quizartinib,1,19.844043731689453,2.382241725921631,0.08650007843971252
CRISP,split,group,T regulatory cells_R428,1,7.367207050323486,0.7005404829978943,0.027499187737703323
CRISP,split,group,T regulatory cells_RG7090,1,4.949124336242676,0.754307746887207,0.02868151105940342
CRISP,split,group,T regulatory cells_RG7112,1,7.250222682952881,3.0716159343719482,0.07150125503540039
CRISP,split,group,T regulatory cells_RN486,1,4.580982208251953,0.798400342464447,0.029562436044216156
CRISP,split,group,T regulatory cells_RVX208,1,3.77205228805542,0.5680151581764221,0.022231919690966606
CRISP,split,group,T regulatory cells_Raloxifene,1,12.378189086914062,1.2680097818374634,0.04168716073036194
CRISP,split,group,T regulatory cells_Resminostat,1,28.711824417114258,3.8224411010742188,0.13308246433734894
CRISP,split,group,T regulatory cells_Ricolinostat,1,4.439484596252441,1.2287952899932861,0.03941621258854866
CRISP,split,group,T regulatory cells_Riociguat,1,3.2672290802001953,0.48595863580703735,0.023195337504148483
CRISP,split,group,T regulatory cells_Ruxolitinib,1,26.75149917602539,2.3146286010742188,0.08647451549768448
CRISP,split,group,T regulatory cells_SB525334,1,3.09952974319458,0.5048456788063049,0.020077142864465714
CRISP,split,group,T regulatory cells_SCH58261,1,10.624866485595703,1.4429715871810913,0.05506039783358574
CRISP,split,group,T regulatory cells_SLx2119,1,7.90083122253418,0.8779062032699585,0.034126922488212585
CRISP,split,group,T regulatory cells_STK219801,1,3.487222671508789,0.49855685234069824,0.02054056152701378
CRISP,split,group,T regulatory cells_Saracatinib,1,10.856228828430176,2.621914863586426,0.076092429459095
CRISP,split,group,T regulatory cells_Selumetinib,1,3.4690747261047363,0.40961068868637085,0.01636718399822712
CRISP,split,group,T regulatory cells_Sgccbp30,1,4.750922679901123,0.3574904799461365,0.0143940020352602
CRISP,split,group,T regulatory cells_Sunitinib,1,7.974917411804199,1.9978935718536377,0.06189899146556854
CRISP,split,group,T regulatory cells_TGX221,1,7.165834426879883,1.5512235164642334,0.05443618446588516
CRISP,split,group,T regulatory cells_TIE2KinaseInhibitor,1,4.26118278503418,1.7026187181472778,0.053549863398075104
CRISP,split,group,T regulatory cells_TLHRAS26,1,6.629165172576904,1.088943362236023,0.036077845841646194
CRISP,split,group,T regulatory cells_TPCA1,1,23.41567611694336,2.93637752532959,0.10801076889038086
CRISP,split,group,T regulatory cells_TR14035,1,10.049798965454102,1.5301644802093506,0.058038126677274704
CRISP,split,group,T regulatory cells_Tacalcitol,1,7.561724662780762,1.5935667753219604,0.059066060930490494
CRISP,split,group,T regulatory cells_Tamatinib,1,13.583944320678711,1.8073152303695679,0.0678996816277504
CRISP,split,group,T regulatory cells_Tipifarnib,1,9.583160400390625,1.7210698127746582,0.06114806607365608
CRISP,split,group,T regulatory cells_Tivantinib,1,6.195472717285156,0.978271484375,0.03694344684481621
CRISP,split,group,T regulatory cells_Tivozanib,1,2.7023541927337646,0.4970031976699829,0.020242061465978622
CRISP,split,group,T regulatory cells_Topotecan,1,2.3231492042541504,0.6156108975410461,0.023567521944642067
CRISP,split,group,T regulatory cells_Tosedostat,1,15.911234855651855,2.0409374237060547,0.07735290378332138
CRISP,split,group,T regulatory cells_Trametinib,1,4.066173076629639,0.558029294013977,0.022561805322766304
CRISP,split,group,T regulatory cells_UNIIBXU45ZH6LI,1,38.94322967529297,3.8003270626068115,0.1358809471130371
CRISP,split,group,T regulatory cells_Vandetanib,1,3.9391841888427734,0.9565479755401611,0.034658268094062805
CRISP,split,group,T regulatory cells_Vanoxerine,1,5.244839191436768,0.9511661529541016,0.0370267778635025
CRISP,split,group,T regulatory cells_Vardenafil,1,4.459259986877441,1.7501475811004639,0.0503215417265892
CRISP,split,group,T regulatory cells_YK4279,1,4.685723304748535,0.5235501527786255,0.020801955834031105
CRISP,split,split_mean,ALL,154,16.773695659327817,5.150056321899612,0.10156230127753375
CRISP,split2,group,B cells_Belinostat,1,67.04385375976562,58.72022247314453,0.8080034852027893
CRISP,split2,group,B cells_CHIR99021,1,6.969199180603027,5.2132110595703125,0.11100344359874725
CRISP,split2,group,B cells_Crizotinib,1,62.603797912597656,54.65644836425781,0.826155424118042
CRISP,split2,group,B cells_Dabrafenib,1,130.593994140625,109.81266784667969,1.3211756944656372
CRISP,split2,group,B cells_Dactolisib,1,61.300926208496094,47.61963653564453,0.8069583773612976
CRISP,split2,group,B cells_Foretinib,1,74.31018829345703,61.531490325927734,0.9345495104789734
CRISP,split2,group,B cells_Idelalisib,1,49.83945083618164,40.143089294433594,0.6015828847885132
CRISP,split2,group,B cells_LDN193189,1,0.15098488330841064,0.08257376402616501,0.0034672096371650696
CRISP,split2,group,B cells_Linagliptin,1,2.5908823013305664,2.412590503692627,0.04046688973903656
CRISP,split2,group,B cells_ODemethylatedAdapalene,1,40.27312469482422,30.383934020996094,0.42358654737472534
CRISP,split2,group,B cells_Palbociclib,1,29.065799713134766,27.076887130737305,0.3936752378940582
CRISP,split2,group,B cells_Penfluridol,1,0.7803241014480591,0.2868640124797821,0.011470649391412735
CRISP,split2,group,B cells_PorcnInhibitorIII,1,5.193624496459961,1.4068968296051025,0.032527338713407516
CRISP,split2,group,B cells_R428,1,51.77169418334961,41.69098663330078,0.6067677140235901
CRISP,split2,group,T cells CD4+_59Isopropyl8methyl2morpholino9Hpurin6ylpyrimidin2amine,1,69.92965698242188,64.37197875976562,1.0280258655548096
CRISP,split2,group,T cells CD4+_ABT199GDC0199,1,3.141268253326416,2.6314120292663574,0.05180690810084343
CRISP,split2,group,T cells CD4+_ABT737,1,5.878186225891113,5.099191665649414,0.09543346613645554
CRISP,split2,group,T cells CD4+_AMD070hydrochloride,1,40.18403625488281,39.29396057128906,0.6589533090591431
CRISP,split2,group,T cells CD4+_AT13387,1,95.63050842285156,74.31901550292969,0.9010656476020813
CRISP,split2,group,T cells CD4+_AT7867,1,80.21751403808594,77.83966827392578,1.2045189142227173
CRISP,split2,group,T cells CD4+_AVL292,1,63.306488037109375,61.41249465942383,1.0077948570251465
CRISP,split2,group,T cells CD4+_AZ628,1,75.41822814941406,73.85323333740234,1.1082358360290527
CRISP,split2,group,T cells CD4+_AZD3514,1,15.995147705078125,13.493227005004883,0.22211042046546936
CRISP,split2,group,T cells CD4+_AZD4547,1,2.6387596130371094,2.5731682777404785,0.044594477862119675
CRISP,split2,group,T cells CD4+_AZD8330,1,52.29583740234375,50.61874008178711,0.7905724048614502
CRISP,split2,group,T cells CD4+_Alogliptin,1,27.753549575805664,27.055404663085938,0.4848911166191101
CRISP,split2,group,T cells CD4+_Alvocidib,1,40.50569152832031,4.736693382263184,0.15046827495098114
CRISP,split2,group,T cells CD4+_Amiodarone,1,8.06165885925293,5.9164838790893555,0.09163283556699753
CRISP,split2,group,T cells CD4+_Atorvastatin,1,36.09858322143555,34.48365783691406,0.5679826140403748
CRISP,split2,group,T cells CD4+_Azacitidine,1,18.49135971069336,17.889690399169922,0.27149683237075806
CRISP,split2,group,T cells CD4+_BAY613606,1,97.14309692382812,90.53861236572266,1.252131700515747
CRISP,split2,group,T cells CD4+_BAY872243,1,42.934017181396484,38.52766418457031,0.6858512759208679
CRISP,split2,group,T cells CD4+_BID1870,1,50.247901916503906,49.166019439697266,0.5455530285835266
CRISP,split2,group,T cells CD4+_BMS265246,1,69.00527954101562,62.552066802978516,0.9004690647125244
CRISP,split2,group,T cells CD4+_BMS387032,1,0.718513011932373,0.19533586502075195,0.008816240355372429
CRISP,split2,group,T cells CD4+_BMS536924,1,52.36552429199219,48.7476692199707,0.8323983550071716
CRISP,split2,group,T cells CD4+_BMS777607,1,73.76348876953125,72.27888488769531,1.1420340538024902
CRISP,split2,group,T cells CD4+_BX912,1,56.16130065917969,53.936737060546875,0.8535262942314148
CRISP,split2,group,T cells CD4+_Belinostat,1,52.46141815185547,47.204376220703125,0.6855984330177307
CRISP,split2,group,T cells CD4+_Bosutinib,1,62.62389373779297,57.78675842285156,0.9544066786766052
CRISP,split2,group,T cells CD4+_Buspirone,1,14.183669090270996,13.500526428222656,0.2562847435474396
CRISP,split2,group,T cells CD4+_CC401,1,27.705078125,26.637393951416016,0.3726252019405365
CRISP,split2,group,T cells CD4+_CEP18770Delanzomib,1,74.17257690429688,66.2244873046875,1.046366810798645
CRISP,split2,group,T cells CD4+_CEP37440,1,53.87834930419922,51.19725799560547,0.7802570462226868
CRISP,split2,group,T cells CD4+_CGM097,1,65.13233184814453,28.37228775024414,0.32723408937454224
CRISP,split2,group,T cells CD4+_CGP60474,1,16.62635612487793,2.7899420261383057,0.10358939319849014
CRISP,split2,group,T cells CD4+_CHIR99021,1,16.03676986694336,12.703224182128906,0.24380016326904297
CRISP,split2,group,T cells CD4+_Cabozantinib,1,65.82537841796875,64.27488708496094,0.7671183943748474
CRISP,split2,group,T cells CD4+_Canertinib,1,82.99531555175781,76.97337341308594,1.0273048877716064
CRISP,split2,group,T cells CD4+_Ceritinib,1,40.246864318847656,37.83787155151367,0.6200507879257202
CRISP,split2,group,T cells CD4+_Chlorpheniramine,1,73.89740753173828,71.72308349609375,1.1007541418075562
CRISP,split2,group,T cells CD4+_Clemastine,1,58.262420654296875,56.91716766357422,0.9490162134170532
CRISP,split2,group,T cells CD4+_Clomipramine,1,52.6799430847168,52.100616455078125,0.8743441700935364
CRISP,split2,group,T cells CD4+_Clotrimazole,1,23.28268814086914,20.96717071533203,0.3372948169708252
CRISP,split2,group,T cells CD4+_Colchicine,1,32.23319625854492,24.654430389404297,0.3144872188568115
CRISP,split2,group,T cells CD4+_Colforsin,1,41.59429931640625,40.10292053222656,0.6629692912101746
CRISP,split2,group,T cells CD4+_Crizotinib,1,60.84235382080078,58.068931579589844,0.9633275866508484
CRISP,split2,group,T cells CD4+_Dabrafenib,1,97.10845947265625,94.31987762451172,1.080748438835144
CRISP,split2,group,T cells CD4+_Dactolisib,1,61.158546447753906,54.6451301574707,0.8866457343101501
CRISP,split2,group,T cells CD4+_Dasatinib,1,67.90846252441406,62.69477081298828,1.0340896844863892
CRISP,split2,group,T cells CD4+_Decitabine,1,13.311956405639648,12.861295700073242,0.21844998002052307
CRISP,split2,group,T cells CD4+_Defactinib,1,18.86292266845703,16.23554229736328,0.26089343428611755
CRISP,split2,group,T cells CD4+_Desloratadine,1,39.7188720703125,38.504371643066406,0.6429827213287354
CRISP,split2,group,T cells CD4+_Disulfiram,1,26.444881439208984,25.616785049438477,0.44053182005882263
CRISP,split2,group,T cells CD4+_Dovitinib,1,40.97265625,38.012977600097656,0.6087944507598877
CRISP,split2,group,T cells CD4+_Doxorubicin,1,104.50527954101562,99.31780242919922,1.299291729927063
CRISP,split2,group,T cells CD4+_FK866,1,31.78738021850586,26.399532318115234,0.3528934121131897
CRISP,split2,group,T cells CD4+_Flutamide,1,0.09267691522836685,0.0509176142513752,0.002154229674488306
CRISP,split2,group,T cells CD4+_Foretinib,1,71.31137084960938,68.68238067626953,1.1052170991897583
CRISP,split2,group,T cells CD4+_GLPG0634,1,59.158103942871094,57.79769515991211,0.9331697225570679
CRISP,split2,group,T cells CD4+_GO6976,1,128.56784057617188,103.04861450195312,1.02390718460083
CRISP,split2,group,T cells CD4+_GSK1070916,1,43.78742980957031,42.23505401611328,0.7223573923110962
CRISP,split2,group,T cells CD4+_GSK256066,1,48.215755462646484,44.537113189697266,0.653779923915863
CRISP,split2,group,T cells CD4+_GW843682X,1,33.56298065185547,31.60662841796875,0.516640841960907
CRISP,split2,group,T cells CD4+_GanetespibSTA9090,1,70.11500549316406,57.30441665649414,0.7236871123313904
CRISP,split2,group,T cells CD4+_HMN214,1,117.50859069824219,115.27867126464844,1.2765082120895386
CRISP,split2,group,T cells CD4+_HYDROXYUREA,1,14.721234321594238,14.083873748779297,0.2524288296699524
CRISP,split2,group,T cells CD4+_IBET151,1,43.930728912353516,40.12523651123047,0.6379629373550415
CRISP,split2,group,T cells CD4+_IKKInhibitorVII,1,55.2979850769043,53.11370086669922,0.9365147948265076
CRISP,split2,group,T cells CD4+_IMD0354,1,81.79423522949219,73.32060241699219,1.0704171657562256
CRISP,split2,group,T cells CD4+_IN1451,1,66.26524353027344,61.97222137451172,0.9884277582168579
CRISP,split2,group,T cells CD4+_Idelalisib,1,68.98992919921875,66.09159088134766,0.8892192840576172
CRISP,split2,group,T cells CD4+_Imatinib,1,10.888072967529297,5.470050811767578,0.0691474974155426
CRISP,split2,group,T cells CD4+_Isoniazid,1,13.097879409790039,12.272744178771973,0.21274591982364655
CRISP,split2,group,T cells CD4+_Ixabepilone,1,18.073490142822266,16.00873565673828,0.23020443320274353
CRISP,split2,group,T cells CD4+_K02288,1,35.18656539916992,33.23677062988281,0.5216410756111145
CRISP,split2,group,T cells CD4+_Ketoconazole,1,102.58709716796875,97.00657653808594,0.7524135112762451
CRISP,split2,group,T cells CD4+_LDN193189,1,4.14698600769043,3.599937915802002,0.06885762512683868
CRISP,split2,group,T cells CD4+_LY2090314,1,32.62456130981445,15.460660934448242,0.2667027413845062
CRISP,split2,group,T cells CD4+_Lamivudine,1,22.260866165161133,21.248367309570312,0.3693864047527313
CRISP,split2,group,T cells CD4+_Lapatinib,1,20.350948333740234,18.7762451171875,0.26343974471092224
CRISP,split2,group,T cells CD4+_Linagliptin,1,33.400047302246094,32.55080795288086,0.542916476726532
CRISP,split2,group,T cells CD4+_MGCD265,1,17.685781478881836,17.012401580810547,0.2738822102546692
CRISP,split2,group,T cells CD4+_MK5108,1,57.948646545410156,57.05474853515625,0.9351271986961365
CRISP,split2,group,T cells CD4+_MLN2238,1,69.14167785644531,59.377769470214844,0.9371691346168518
CRISP,split2,group,T cells CD4+_Masitinib,1,54.859031677246094,51.35518264770508,0.8158899545669556
CRISP,split2,group,T cells CD4+_Methotrexate,1,23.8829345703125,21.625946044921875,0.2820713520050049
CRISP,split2,group,T cells CD4+_Midostaurin,1,42.72382354736328,40.59902572631836,0.7319813370704651
CRISP,split2,group,T cells CD4+_MometasoneFuroate,1,91.94584655761719,82.25646209716797,1.1168817281723022
CRISP,split2,group,T cells CD4+_MubritinibTAK165,1,79.78489685058594,77.63612365722656,0.959552526473999
CRISP,split2,group,T cells CD4+_Navitoclax,1,15.97120475769043,14.153751373291016,0.2490391880273819
CRISP,split2,group,T cells CD4+_Nefazodone,1,6.561699867248535,5.7110137939453125,0.10254385322332382
CRISP,split2,group,T cells CD4+_Nilotinib,1,62.16055679321289,60.89772033691406,0.9799197912216187
CRISP,split2,group,T cells CD4+_ODemethylatedAdapalene,1,32.01774215698242,27.646865844726562,0.40493226051330566
CRISP,split2,group,T cells CD4+_OSI930,1,1.7032392024993896,1.0386316776275635,0.025811104103922844
CRISP,split2,group,T cells CD4+_OprozomibONX0912,1,55.942928314208984,46.52920913696289,0.8782914876937866
CRISP,split2,group,T cells CD4+_Oxybenzone,1,31.657068252563477,30.05481719970703,0.5218001008033752
CRISP,split2,group,T cells CD4+_PD0325901,1,86.84265899658203,81.83023834228516,1.1584733724594116
CRISP,split2,group,T cells CD4+_PF03814735,1,73.94398498535156,71.55039978027344,1.1211148500442505
CRISP,split2,group,T cells CD4+_PF04691502,1,54.78813171386719,50.1697998046875,0.738964855670929
CRISP,split2,group,T cells CD4+_PRT062607,1,75.27912902832031,73.41739654541016,1.1506434679031372
CRISP,split2,group,T cells CD4+_Palbociclib,1,45.265602111816406,44.23417663574219,0.7104813456535339
CRISP,split2,group,T cells CD4+_Penfluridol,1,6.791536808013916,5.648373603820801,0.087834432721138
CRISP,split2,group,T cells CD4+_Perhexiline,1,73.96621704101562,70.78157043457031,1.1280633211135864
CRISP,split2,group,T cells CD4+_Phenylbutazone,1,28.70473861694336,27.733556747436523,0.47209107875823975
CRISP,split2,group,T cells CD4+_PitavastatinCalcium,1,132.309814453125,126.43641662597656,1.4747700691223145
CRISP,split2,group,T cells CD4+_Pomalidomide,1,88.21888732910156,80.29686737060547,1.0080790519714355
CRISP,split2,group,T cells CD4+_PorcnInhibitorIII,1,104.3252944946289,97.47842407226562,0.9003167152404785
CRISP,split2,group,T cells CD4+_Prednisolone,1,100.84684753417969,93.02738952636719,1.199843168258667
CRISP,split2,group,T cells CD4+_ProscillaridinAProscillaridinA,1,98.00572204589844,65.83089447021484,0.7332117557525635
CRISP,split2,group,T cells CD4+_Protriptyline,1,9.876752853393555,9.143665313720703,0.19284652173519135
CRISP,split2,group,T cells CD4+_Quizartinib,1,3.5462656021118164,2.9458653926849365,0.04330715537071228
CRISP,split2,group,T cells CD4+_R428,1,80.19374084472656,75.64555358886719,0.9589821696281433
CRISP,split2,group,T cells CD4+_RG7090,1,82.28042602539062,75.34278869628906,0.8798187375068665
CRISP,split2,group,T cells CD4+_RG7112,1,90.08393859863281,87.45050811767578,1.212009072303772
CRISP,split2,group,T cells CD4+_RN486,1,31.075836181640625,30.3113956451416,0.5082015991210938
CRISP,split2,group,T cells CD4+_RVX208,1,50.32807922363281,48.298805236816406,0.7526775598526001
CRISP,split2,group,T cells CD4+_Raloxifene,1,310.6880187988281,184.78695678710938,2.0759177207946777
CRISP,split2,group,T cells CD4+_Resminostat,1,42.321678161621094,37.35137939453125,0.6107872128486633
CRISP,split2,group,T cells CD4+_Ricolinostat,1,38.87592315673828,36.14446258544922,0.656527578830719
CRISP,split2,group,T cells CD4+_Riociguat,1,30.86298370361328,28.50147247314453,0.38701748847961426
CRISP,split2,group,T cells CD4+_Ruxolitinib,1,60.98503875732422,57.826045989990234,0.9749932289123535
CRISP,split2,group,T cells CD4+_SB525334,1,55.01323699951172,51.18260955810547,0.6189759969711304
CRISP,split2,group,T cells CD4+_SCH58261,1,2.0038466453552246,1.29608154296875,0.0357709676027298
CRISP,split2,group,T cells CD4+_SLx2119,1,32.88957977294922,31.13845443725586,0.5325649976730347
CRISP,split2,group,T cells CD4+_STK219801,1,27.786052703857422,25.270309448242188,0.43126532435417175
CRISP,split2,group,T cells CD4+_Saracatinib,1,59.078453063964844,57.94673538208008,0.958579421043396
CRISP,split2,group,T cells CD4+_Scriptaid,1,48.253013610839844,43.980995178222656,0.6979506015777588
CRISP,split2,group,T cells CD4+_Selumetinib,1,45.218040466308594,42.7493782043457,0.5872630476951599
CRISP,split2,group,T cells CD4+_Sgccbp30,1,42.630210876464844,40.59434509277344,0.513907790184021
CRISP,split2,group,T cells CD4+_Sunitinib,1,47.25700378417969,45.26585006713867,0.6919048428535461
CRISP,split2,group,T cells CD4+_TGX221,1,49.75518798828125,48.60468292236328,0.7580114006996155
CRISP,split2,group,T cells CD4+_TIE2KinaseInhibitor,1,41.44324493408203,39.949485778808594,0.666920006275177
CRISP,split2,group,T cells CD4+_TLHRAS26,1,18.64099884033203,17.45651626586914,0.29884690046310425
CRISP,split2,group,T cells CD4+_TPCA1,1,70.23863220214844,68.43955993652344,1.1089226007461548
CRISP,split2,group,T cells CD4+_TR14035,1,33.23530197143555,31.80487823486328,0.48642420768737793
CRISP,split2,group,T cells CD4+_Tacalcitol,1,71.145751953125,70.18118286132812,1.1227293014526367
CRISP,split2,group,T cells CD4+_Tamatinib,1,62.014442443847656,60.20587158203125,1.0311658382415771
CRISP,split2,group,T cells CD4+_Tipifarnib,1,8.50872802734375,6.855637550354004,0.10609167069196701
CRISP,split2,group,T cells CD4+_Tivantinib,1,49.34149169921875,45.70763397216797,0.727520227432251
CRISP,split2,group,T cells CD4+_Tivozanib,1,42.466896057128906,41.04110336303711,0.6428190469741821
CRISP,split2,group,T cells CD4+_Topotecan,1,40.85228729248047,38.15679168701172,0.634986400604248
CRISP,split2,group,T cells CD4+_Tosedostat,1,43.86790084838867,42.41706848144531,0.6572290658950806
CRISP,split2,group,T cells CD4+_Trametinib,1,69.2894287109375,55.71612548828125,0.7077367901802063
CRISP,split2,group,T cells CD4+_UNIIBXU45ZH6LI,1,22.334606170654297,14.84762191772461,0.24544686079025269
CRISP,split2,group,T cells CD4+_Vandetanib,1,23.085498809814453,19.89211654663086,0.3196142613887787
CRISP,split2,group,T cells CD4+_Vanoxerine,1,32.19146728515625,30.443889617919922,0.47841399908065796
CRISP,split2,group,T cells CD4+_Vardenafil,1,38.443302154541016,35.83540344238281,0.632907509803772
CRISP,split2,group,T cells CD4+_Vorinostat,1,31.144142150878906,26.459211349487305,0.4518294930458069
CRISP,split2,group,T cells CD4+_YK4279,1,47.14632797241211,43.45105743408203,0.4350362718105316
CRISP,split2,split_mean,ALL,160,49.20273871296085,44.0507349108113,0.6437278449680889
CRISP,split3,group,NK cells_59Isopropyl8methyl2morpholino9Hpurin6ylpyrimidin2amine,1,80.86219787597656,68.95878601074219,0.9724894762039185
CRISP,split3,group,NK cells_ABT199GDC0199,1,0.15186965465545654,0.06882153451442719,0.0030417954549193382
CRISP,split3,group,NK cells_ABT737,1,0.8407690525054932,0.42980819940567017,0.01627444662153721
CRISP,split3,group,NK cells_AMD070hydrochloride,1,17.002443313598633,16.649763107299805,0.30057570338249207
CRISP,split3,group,NK cells_AT13387,1,81.62863159179688,76.89656066894531,1.0784932374954224
CRISP,split3,group,NK cells_AT7867,1,53.95216751098633,52.20318603515625,0.8098552227020264
CRISP,split3,group,NK cells_AVL292,1,55.36473846435547,53.952571868896484,0.8276923894882202
CRISP,split3,group,NK cells_AZ628,1,33.675880432128906,32.73811340332031,0.5173410773277283
CRISP,split3,group,NK cells_AZD3514,1,0.12314298748970032,0.04532112553715706,0.0021177891176193953
CRISP,split3,group,NK cells_AZD4547,1,0.17230284214019775,0.06822292506694794,0.0030243471264839172
CRISP,split3,group,NK cells_AZD8330,1,35.10566711425781,33.77832794189453,0.5416649580001831
CRISP,split3,group,NK cells_Alogliptin,1,12.641899108886719,11.39682388305664,0.19200697541236877
CRISP,split3,group,NK cells_Alvocidib,1,33.90594482421875,1.5291742086410522,0.05876925587654114
CRISP,split3,group,NK cells_Amiodarone,1,0.17998480796813965,0.05289965122938156,0.0024095792323350906
CRISP,split3,group,NK cells_Atorvastatin,1,32.84989929199219,31.899974822998047,0.44702383875846863
CRISP,split3,group,NK cells_Azacitidine,1,5.786691665649414,4.700582981109619,0.059402428567409515
CRISP,split3,group,NK cells_BAY613606,1,52.96650314331055,46.68769073486328,0.6746818423271179
CRISP,split3,group,NK cells_BAY872243,1,26.434913635253906,24.015098571777344,0.4874418377876282
CRISP,split3,group,NK cells_BID1870,1,0.2475723922252655,0.09796696901321411,0.0042029451578855515
CRISP,split3,group,NK cells_BMS265246,1,63.76936721801758,59.32719421386719,0.8140137195587158
CRISP,split3,group,NK cells_BMS387032,1,27.87983512878418,17.549583435058594,0.19707244634628296
CRISP,split3,group,NK cells_BMS536924,1,35.101905822753906,33.830589294433594,0.5588751435279846
CRISP,split3,group,NK cells_BMS777607,1,10.903326034545898,10.64622688293457,0.20137357711791992
CRISP,split3,group,NK cells_BX912,1,22.424449920654297,21.23528480529785,0.34852445125579834
CRISP,split3,group,NK cells_Belinostat,1,77.17837524414062,70.8075942993164,0.9022250175476074
CRISP,split3,group,NK cells_Bosutinib,1,25.156837463378906,22.89042091369629,0.4332565367221832
CRISP,split3,group,NK cells_Buspirone,1,0.10071367025375366,0.032229945063591,0.0015630085254088044
CRISP,split3,group,NK cells_CC401,1,3.8523659706115723,3.5310111045837402,0.051840752363204956
CRISP,split3,group,NK cells_CEP37440,1,13.013533592224121,12.716544151306152,0.25826799869537354
CRISP,split3,group,NK cells_CGM097,1,6.126277923583984,4.612438201904297,0.09469497948884964
CRISP,split3,group,NK cells_CGP60474,1,55.71918487548828,3.1542623043060303,0.10840517282485962
CRISP,split3,group,NK cells_CHIR99021,1,11.680835723876953,10.772403717041016,0.20914511382579803
CRISP,split3,group,NK cells_Cabozantinib,1,0.23830261826515198,0.10716081410646439,0.004365906585007906
CRISP,split3,group,NK cells_Canertinib,1,41.518348693847656,38.82404327392578,0.5473943948745728
CRISP,split3,group,NK cells_Ceritinib,1,23.233657836914062,23.014415740966797,0.37153205275535583
CRISP,split3,group,NK cells_Chlorpheniramine,1,2.4299488067626953,2.2767157554626465,0.05317879095673561
CRISP,split3,group,NK cells_Clemastine,1,13.309804916381836,12.333324432373047,0.23430486023426056
CRISP,split3,group,NK cells_Clomipramine,1,22.599197387695312,22.04593276977539,0.37301117181777954
CRISP,split3,group,NK cells_Clotrimazole,1,11.497832298278809,9.717697143554688,0.10441067814826965
CRISP,split3,group,NK cells_Colchicine,1,10.130868911743164,8.52723217010498,0.12020066380500793
CRISP,split3,group,NK cells_Colforsin,1,11.573375701904297,10.895849227905273,0.15499943494796753
CRISP,split3,group,NK cells_Crizotinib,1,20.148286819458008,19.050140380859375,0.35781916975975037
CRISP,split3,group,NK cells_Dabrafenib,1,116.27141571044922,113.1788330078125,1.3834609985351562
CRISP,split3,group,NK cells_Dactolisib,1,71.98292541503906,61.037574768066406,0.9142120480537415
CRISP,split3,group,NK cells_Dasatinib,1,15.369733810424805,13.879152297973633,0.2617938816547394
CRISP,split3,group,NK cells_Decitabine,1,0.5927670001983643,0.29529720544815063,0.010222903452813625
CRISP,split3,group,NK cells_Defactinib,1,0.29610398411750793,0.17454096674919128,0.00696544349193573
CRISP,split3,group,NK cells_Desloratadine,1,28.617145538330078,27.8721923828125,0.48047274351119995
CRISP,split3,group,NK cells_Disulfiram,1,8.001827239990234,7.849496841430664,0.14571437239646912
CRISP,split3,group,NK cells_Dovitinib,1,33.849159240722656,31.127063751220703,0.5067102313041687
CRISP,split3,group,NK cells_Doxorubicin,1,44.3876953125,40.099365234375,0.5465585589408875
CRISP,split3,group,NK cells_FK866,1,0.2547152042388916,0.0759732648730278,0.0033343839459121227
CRISP,split3,group,NK cells_Flutamide,1,0.2379297912120819,0.13866475224494934,0.005781115498393774
CRISP,split3,group,NK cells_Foretinib,1,26.415040969848633,25.294734954833984,0.40872299671173096
CRISP,split3,group,NK cells_GLPG0634,1,26.774734497070312,25.423294067382812,0.44061535596847534
CRISP,split3,group,NK cells_GO6976,1,58.70849609375,44.272216796875,0.47294366359710693
CRISP,split3,group,NK cells_GSK1070916,1,14.960287094116211,14.502790451049805,0.2641252875328064
CRISP,split3,group,NK cells_GSK256066,1,63.83087921142578,52.58200454711914,0.6637133955955505
CRISP,split3,group,NK cells_GW843682X,1,24.554031372070312,24.0161075592041,0.3535078763961792
CRISP,split3,group,NK cells_GanetespibSTA9090,1,81.54405212402344,76.5157470703125,1.1128113269805908
CRISP,split3,group,NK cells_HMN214,1,92.38688659667969,90.96929168701172,0.8833163380622864
CRISP,split3,group,NK cells_HYDROXYUREA,1,1.4979617595672607,1.180830955505371,0.030834155157208443
CRISP,split3,group,NK cells_IBET151,1,16.269527435302734,12.688911437988281,0.2265281081199646
CRISP,split3,group,NK cells_IKKInhibitorVII,1,27.831592559814453,27.113107681274414,0.5218334197998047
CRISP,split3,group,NK cells_IMD0354,1,16.514854431152344,14.757904052734375,0.26078280806541443
CRISP,split3,group,NK cells_IN1451,1,27.055912017822266,2.5718801021575928,0.09281601756811142
CRISP,split3,group,NK cells_Idelalisib,1,5.712827682495117,5.1732988357543945,0.09843853116035461
CRISP,split3,group,NK cells_Imatinib,1,0.2542567849159241,0.08920029550790787,0.0038725417107343674
CRISP,split3,group,NK cells_Isoniazid,1,0.1742875576019287,0.06142956763505936,0.002755362307652831
CRISP,split3,group,NK cells_Ixabepilone,1,23.231740951538086,20.916584014892578,0.31634342670440674
CRISP,split3,group,NK cells_K02288,1,19.337810516357422,18.547714233398438,0.3299293518066406
CRISP,split3,group,NK cells_Ketoconazole,1,0.6652523875236511,0.1975913643836975,0.008117926307022572
CRISP,split3,group,NK cells_LDN193189,1,1.7476446628570557,0.949569821357727,0.025979194790124893
CRISP,split3,group,NK cells_LY2090314,1,35.500213623046875,20.80471420288086,0.3824201822280884
CRISP,split3,group,NK cells_Lamivudine,1,2.891249895095825,2.298089027404785,0.004780895542353392
CRISP,split3,group,NK cells_Lapatinib,1,15.462606430053711,8.492327690124512,0.11379384994506836
CRISP,split3,group,NK cells_Linagliptin,1,20.35181427001953,20.003206253051758,0.3104601204395294
CRISP,split3,group,NK cells_MGCD265,1,3.768559217453003,3.3878378868103027,0.06575741618871689
CRISP,split3,group,NK cells_MK5108,1,32.67994689941406,32.4089469909668,0.5527058243751526
CRISP,split3,group,NK cells_Masitinib,1,43.33859634399414,42.75238037109375,0.6712069511413574
CRISP,split3,group,NK cells_Methotrexate,1,13.792808532714844,13.464725494384766,0.15537096560001373
CRISP,split3,group,NK cells_Midostaurin,1,16.416610717773438,16.000202178955078,0.30212128162384033
CRISP,split3,group,NK cells_MometasoneFuroate,1,42.269004821777344,36.915287017822266,0.5685334205627441
CRISP,split3,group,NK cells_MubritinibTAK165,1,8.223015785217285,7.329743385314941,0.11902985721826553
CRISP,split3,group,NK cells_Navitoclax,1,2.190171003341675,1.587064504623413,0.032658651471138
CRISP,split3,group,NK cells_Nefazodone,1,0.11532093584537506,0.07725010812282562,0.0033233705908060074
CRISP,split3,group,NK cells_Nilotinib,1,35.44123840332031,34.16395950317383,0.5586668252944946
CRISP,split3,group,NK cells_ODemethylatedAdapalene,1,0.1741611659526825,0.03418618440628052,0.0016421615146100521
CRISP,split3,group,NK cells_OSI930,1,4.31675910949707,2.778015375137329,0.04148999601602554
CRISP,split3,group,NK cells_Oxybenzone,1,27.999191284179688,24.290172576904297,0.19322797656059265
CRISP,split3,group,NK cells_PD0325901,1,15.68930435180664,14.795499801635742,0.23897895216941833
CRISP,split3,group,NK cells_PF03814735,1,36.93317794799805,33.845176696777344,0.6064994931221008
CRISP,split3,group,NK cells_PF04691502,1,2.9825758934020996,2.5239388942718506,0.07129237800836563
CRISP,split3,group,NK cells_PRT062607,1,32.90357208251953,31.96533203125,0.5331936478614807
CRISP,split3,group,NK cells_Palbociclib,1,8.585573196411133,8.47052001953125,0.17623648047447205
CRISP,split3,group,NK cells_Penfluridol,1,0.09503369778394699,0.05324456840753555,0.002378647681325674
CRISP,split3,group,NK cells_Perhexiline,1,44.610877990722656,42.487335205078125,0.6893107891082764
CRISP,split3,group,NK cells_Phenylbutazone,1,10.277968406677246,9.37034797668457,0.19487732648849487
CRISP,split3,group,NK cells_PitavastatinCalcium,1,180.7037353515625,155.96426391601562,1.7195700407028198
CRISP,split3,group,NK cells_Pomalidomide,1,104.55386352539062,90.33164978027344,1.080593228340149
CRISP,split3,group,NK cells_PorcnInhibitorIII,1,0.35205698013305664,0.17125175893306732,0.007064086850732565
CRISP,split3,group,NK cells_Prednisolone,1,69.03924560546875,58.74877166748047,0.8187278509140015
CRISP,split3,group,NK cells_ProscillaridinAProscillaridinA,1,122.51776123046875,83.10266876220703,1.2283293008804321
CRISP,split3,group,NK cells_Protriptyline,1,0.17230936884880066,0.07276221364736557,0.0032966083381325006
CRISP,split3,group,NK cells_Quizartinib,1,0.4011595845222473,0.10553323477506638,0.004517639055848122
CRISP,split3,group,NK cells_R428,1,7.142172813415527,5.317004680633545,0.08573007583618164
CRISP,split3,group,NK cells_RG7090,1,7.887911796569824,6.662313938140869,0.09502081573009491
CRISP,split3,group,NK cells_RG7112,1,61.91388702392578,58.31907653808594,0.8254284858703613
CRISP,split3,group,NK cells_RN486,1,18.351028442382812,17.655963897705078,0.3187619745731354
CRISP,split3,group,NK cells_RVX208,1,25.256994247436523,24.192150115966797,0.38003256916999817
CRISP,split3,group,NK cells_Raloxifene,1,0.720488429069519,0.28099575638771057,0.010961630381643772
CRISP,split3,group,NK cells_Resminostat,1,52.754737854003906,47.31018829345703,0.6810041666030884
CRISP,split3,group,NK cells_Ricolinostat,1,27.622730255126953,26.908361434936523,0.5042211413383484
CRISP,split3,group,NK cells_Riociguat,1,7.585417747497559,7.0183916091918945,0.11955917626619339
CRISP,split3,group,NK cells_Ruxolitinib,1,36.309356689453125,35.77699279785156,0.6546213626861572
CRISP,split3,group,NK cells_SB525334,1,14.805267333984375,13.657279968261719,0.19376035034656525
CRISP,split3,group,NK cells_SCH58261,1,0.16820788383483887,0.06918025761842728,0.0030627555679529905
CRISP,split3,group,NK cells_SLx2119,1,12.005178451538086,10.663865089416504,0.16975611448287964
CRISP,split3,group,NK cells_STK219801,1,6.431286334991455,5.805310249328613,0.08468999713659286
CRISP,split3,group,NK cells_Saracatinib,1,50.33539581298828,48.274654388427734,0.7741876244544983
CRISP,split3,group,NK cells_Scriptaid,1,64.37210083007812,49.69022750854492,0.7518792152404785
CRISP,split3,group,NK cells_Selumetinib,1,13.45284652709961,12.385879516601562,0.2010185271501541
CRISP,split3,group,NK cells_Sgccbp30,1,7.924572944641113,5.678858757019043,0.08408460766077042
CRISP,split3,group,NK cells_Sunitinib,1,15.837303161621094,14.36010456085205,0.20678697526454926
CRISP,split3,group,NK cells_TGX221,1,35.18265151977539,33.939693450927734,0.48677024245262146
CRISP,split3,group,NK cells_TIE2KinaseInhibitor,1,20.312904357910156,19.065311431884766,0.25126487016677856
CRISP,split3,group,NK cells_TLHRAS26,1,5.78345251083374,5.692939281463623,0.11268960684537888
CRISP,split3,group,NK cells_TPCA1,1,42.96644592285156,39.08755874633789,0.6672815084457397
CRISP,split3,group,NK cells_TR14035,1,20.60659408569336,19.874038696289062,0.27771642804145813
CRISP,split3,group,NK cells_Tacalcitol,1,23.856409072875977,23.378490447998047,0.4071792662143707
CRISP,split3,group,NK cells_Tamatinib,1,42.306396484375,41.175010681152344,0.7104944586753845
CRISP,split3,group,NK cells_Tipifarnib,1,0.5506603717803955,0.41550296545028687,0.015738144516944885
CRISP,split3,group,NK cells_Tivantinib,1,14.004498481750488,13.88998031616211,0.23251651227474213
CRISP,split3,group,NK cells_Tivozanib,1,3.4737987518310547,3.149583101272583,0.06688619405031204
CRISP,split3,group,NK cells_Topotecan,1,30.735557556152344,28.91954803466797,0.4206317067146301
CRISP,split3,group,NK cells_Tosedostat,1,1.1551024913787842,0.6532949209213257,0.027315692976117134
CRISP,split3,group,NK cells_Trametinib,1,2.5318703651428223,1.9972550868988037,0.05910974368453026
CRISP,split3,group,NK cells_UNIIBXU45ZH6LI,1,11.454507827758789,0.7304818630218506,0.02877293899655342
CRISP,split3,group,NK cells_Vandetanib,1,0.1411018669605255,0.08630234003067017,0.0036707452964037657
CRISP,split3,group,NK cells_Vanoxerine,1,0.8926909565925598,0.5859169960021973,0.023127539083361626
CRISP,split3,group,NK cells_Vardenafil,1,20.920997619628906,20.3599853515625,0.3358331322669983
CRISP,split3,group,NK cells_Vorinostat,1,35.37388610839844,28.299983978271484,0.4829561114311218
CRISP,split3,group,NK cells_YK4279,1,45.19843292236328,38.490455627441406,0.36870276927948
CRISP,split3,group,T cells CD8+_59Isopropyl8methyl2morpholino9Hpurin6ylpyrimidin2amine,1,2.459226131439209,0.3808373808860779,0.01586870104074478
CRISP,split3,group,T cells CD8+_ABT199GDC0199,1,5.247209548950195,0.7383573055267334,0.02792995609343052
CRISP,split3,group,T cells CD8+_ABT737,1,7.978801250457764,0.5967276096343994,0.023601284250617027
CRISP,split3,group,T cells CD8+_AMD070hydrochloride,1,2.9605460166931152,0.2689230442047119,0.010858028195798397
CRISP,split3,group,T cells CD8+_AT13387,1,33.94863510131836,1.7215251922607422,0.06609004735946655
CRISP,split3,group,T cells CD8+_AT7867,1,3.0120315551757812,2.1046996116638184,0.04751008376479149
CRISP,split3,group,T cells CD8+_AVL292,1,2.4530060291290283,0.3569295406341553,0.015085791237652302
CRISP,split3,group,T cells CD8+_AZ628,1,8.623149871826172,7.179999351501465,0.12594057619571686
CRISP,split3,group,T cells CD8+_AZD3514,1,2.932088851928711,0.3880631923675537,0.01557108387351036
CRISP,split3,group,T cells CD8+_AZD4547,1,2.660719156265259,0.40825530886650085,0.0161893330514431
CRISP,split3,group,T cells CD8+_AZD8330,1,7.821842193603516,6.694793701171875,0.12970130145549774
CRISP,split3,group,T cells CD8+_Alogliptin,1,2.6313509941101074,0.28212761878967285,0.011288481764495373
CRISP,split3,group,T cells CD8+_Amiodarone,1,2.84641170501709,0.3043563663959503,0.01225945446640253
CRISP,split3,group,T cells CD8+_Atorvastatin,1,2.1847076416015625,0.3519526720046997,0.0137339998036623
CRISP,split3,group,T cells CD8+_Azacitidine,1,1.0843582153320312,0.21294552087783813,0.008638281375169754
CRISP,split3,group,T cells CD8+_BAY613606,1,13.682477951049805,0.8076819181442261,0.03135933727025986
CRISP,split3,group,T cells CD8+_BAY872243,1,2.121943950653076,0.2420242577791214,0.009754087775945663
CRISP,split3,group,T cells CD8+_BID1870,1,4.030148983001709,0.3684948980808258,0.014824721030890942
CRISP,split3,group,T cells CD8+_BMS265246,1,4.472628593444824,2.3802237510681152,0.04367246478796005
CRISP,split3,group,T cells CD8+_BMS387032,1,42.84452819824219,4.616223335266113,0.12654662132263184
CRISP,split3,group,T cells CD8+_BMS536924,1,3.1990840435028076,0.5308836698532104,0.022174442186951637
CRISP,split3,group,T cells CD8+_BMS777607,1,1.7689428329467773,0.46131157875061035,0.017672063782811165
CRISP,split3,group,T cells CD8+_BX912,1,3.308742046356201,1.3216614723205566,0.04649323970079422
CRISP,split3,group,T cells CD8+_Belinostat,1,69.43819427490234,59.67427062988281,0.7455490231513977
CRISP,split3,group,T cells CD8+_Bosutinib,1,9.324974060058594,5.832783222198486,0.13105513155460358
CRISP,split3,group,T cells CD8+_Buspirone,1,1.423875093460083,0.5499929189682007,0.020329751074314117
CRISP,split3,group,T cells CD8+_CC401,1,1.1459572315216064,0.5842533111572266,0.022658687084913254
CRISP,split3,group,T cells CD8+_CEP18770Delanzomib,1,56.154052734375,51.648582458496094,0.8751673102378845
CRISP,split3,group,T cells CD8+_CEP37440,1,5.29640007019043,4.0969648361206055,0.10250572115182877
CRISP,split3,group,T cells CD8+_CGM097,1,342.73602294921875,89.85853576660156,0.7628843188285828
CRISP,split3,group,T cells CD8+_CHIR99021,1,4.27636194229126,2.3725695610046387,0.05256325379014015
CRISP,split3,group,T cells CD8+_Cabozantinib,1,1.1132850646972656,0.17762108147144318,0.007331982720643282
CRISP,split3,group,T cells CD8+_Canertinib,1,2.8752732276916504,0.9007463455200195,0.02796044386923313
CRISP,split3,group,T cells CD8+_Ceritinib,1,2.408130407333374,1.0870251655578613,0.040177203714847565
CRISP,split3,group,T cells CD8+_Chlorpheniramine,1,3.5761609077453613,0.35102176666259766,0.014071629382669926
CRISP,split3,group,T cells CD8+_Clemastine,1,2.228707790374756,1.4638538360595703,0.05155555158853531
CRISP,split3,group,T cells CD8+_Clomipramine,1,3.1923041343688965,0.49286067485809326,0.019291436299681664
CRISP,split3,group,T cells CD8+_Clotrimazole,1,2.087282419204712,0.828789234161377,0.022014940157532692
CRISP,split3,group,T cells CD8+_Colchicine,1,1.2266087532043457,0.15048576891422272,0.006254387088119984
CRISP,split3,group,T cells CD8+_Colforsin,1,2.5479302406311035,0.8562834858894348,0.029348107054829597
CRISP,split3,group,T cells CD8+_Crizotinib,1,2.69451904296875,1.3143956661224365,0.03143848106265068
CRISP,split3,group,T cells CD8+_Dabrafenib,1,63.99158477783203,63.31706619262695,0.9478015303611755
CRISP,split3,group,T cells CD8+_Dactolisib,1,8.48928451538086,5.1516618728637695,0.1016332358121872
CRISP,split3,group,T cells CD8+_Dasatinib,1,4.379901885986328,0.2747991681098938,0.011019326746463776
CRISP,split3,group,T cells CD8+_Decitabine,1,2.3574116230010986,0.2651679515838623,0.010716644115746021
CRISP,split3,group,T cells CD8+_Defactinib,1,1.545602798461914,0.22332799434661865,0.00914596114307642
CRISP,split3,group,T cells CD8+_Desloratadine,1,2.3794569969177246,0.30082571506500244,0.01180381141602993
CRISP,split3,group,T cells CD8+_Disulfiram,1,3.3681039810180664,0.5259015560150146,0.019730987027287483
CRISP,split3,group,T cells CD8+_Dovitinib,1,2.0934834480285645,0.18298259377479553,0.007587856147438288
CRISP,split3,group,T cells CD8+_Doxorubicin,1,16.990371704101562,15.020203590393066,0.22923536598682404
CRISP,split3,group,T cells CD8+_FK866,1,2.804795742034912,0.24724918603897095,0.01007133349776268
CRISP,split3,group,T cells CD8+_Flutamide,1,2.480565309524536,0.3361031115055084,0.013487082906067371
CRISP,split3,group,T cells CD8+_Foretinib,1,2.510239362716675,0.9619379043579102,0.029410626739263535
CRISP,split3,group,T cells CD8+_GLPG0634,1,5.6554999351501465,4.217947959899902,0.10688948631286621
CRISP,split3,group,T cells CD8+_GO6976,1,8.496745109558105,0.9617102742195129,0.03739555925130844
CRISP,split3,group,T cells CD8+_GSK1070916,1,2.4127049446105957,1.1148207187652588,0.031927164644002914
CRISP,split3,group,T cells CD8+_GSK256066,1,5.403031349182129,4.40302848815918,0.10631561279296875
CRISP,split3,group,T cells CD8+_GW843682X,1,2.8447961807250977,0.8580477237701416,0.029506616294384003
CRISP,split3,group,T cells CD8+_GanetespibSTA9090,1,74.92450714111328,2.163470983505249,0.08167577534914017
CRISP,split3,group,T cells CD8+_HMN214,1,2.103606700897217,0.24599283933639526,0.0099038640037179
CRISP,split3,group,T cells CD8+_HYDROXYUREA,1,1.4341920614242554,0.15936081111431122,0.006601424887776375
CRISP,split3,group,T cells CD8+_IBET151,1,53.79524612426758,38.02490234375,0.5818764567375183
CRISP,split3,group,T cells CD8+_IKKInhibitorVII,1,4.467281341552734,0.9215312004089355,0.029297037050127983
CRISP,split3,group,T cells CD8+_IMD0354,1,4.480208396911621,0.4303562343120575,0.016702910885214806
CRISP,split3,group,T cells CD8+_Idelalisib,1,1.6428329944610596,0.15399712324142456,0.006382752675563097
CRISP,split3,group,T cells CD8+_Imatinib,1,2.8646016120910645,0.30628830194473267,0.012393529526889324
CRISP,split3,group,T cells CD8+_Isoniazid,1,4.059780120849609,0.3516477942466736,0.013971066102385521
CRISP,split3,group,T cells CD8+_Ixabepilone,1,7.677309989929199,4.273604393005371,0.07885707914829254
CRISP,split3,group,T cells CD8+_K02288,1,2.8018112182617188,1.1150155067443848,0.031894173473119736
CRISP,split3,group,T cells CD8+_Ketoconazole,1,13.096723556518555,2.2458882331848145,0.06720364838838577
CRISP,split3,group,T cells CD8+_LDN193189,1,3.8035547733306885,0.9632776379585266,0.03125356137752533
CRISP,split3,group,T cells CD8+_LY2090314,1,156.76947021484375,4.501259803771973,0.14420342445373535
CRISP,split3,group,T cells CD8+_Lamivudine,1,6.615774154663086,2.702324390411377,0.05524145066738129
CRISP,split3,group,T cells CD8+_Lapatinib,1,1.9298427104949951,0.4789919853210449,0.017856914550065994
CRISP,split3,group,T cells CD8+_Linagliptin,1,2.0987207889556885,0.5264955163002014,0.020063690841197968
CRISP,split3,group,T cells CD8+_MGCD265,1,1.8797279596328735,0.8103248476982117,0.035902515053749084
CRISP,split3,group,T cells CD8+_MK5108,1,3.073503017425537,0.44203853607177734,0.01979442685842514
CRISP,split3,group,T cells CD8+_MLN2238,1,60.566253662109375,55.576904296875,0.9112802147865295
CRISP,split3,group,T cells CD8+_Masitinib,1,6.671680450439453,5.381392478942871,0.1312110275030136
CRISP,split3,group,T cells CD8+_Methotrexate,1,2.470794200897217,0.31596440076828003,0.012474674731492996
CRISP,split3,group,T cells CD8+_Midostaurin,1,8.304039001464844,6.062427520751953,0.14545752108097076
CRISP,split3,group,T cells CD8+_MometasoneFuroate,1,13.432004928588867,9.25839614868164,0.16145677864551544
CRISP,split3,group,T cells CD8+_MubritinibTAK165,1,2.52012300491333,0.3457745611667633,0.013812396675348282
CRISP,split3,group,T cells CD8+_Navitoclax,1,7.927849769592285,0.4488890469074249,0.017764970660209656
CRISP,split3,group,T cells CD8+_Nefazodone,1,2.4052176475524902,0.5020949840545654,0.01973266527056694
CRISP,split3,group,T cells CD8+_Nilotinib,1,2.8528621196746826,1.4279705286026,0.04931829869747162
CRISP,split3,group,T cells CD8+_ODemethylatedAdapalene,1,1.5269842147827148,0.23094117641448975,0.009396090172231197
CRISP,split3,group,T cells CD8+_OSI930,1,1.4575996398925781,0.26057904958724976,0.010516684502363205
CRISP,split3,group,T cells CD8+_Oxybenzone,1,4.574759006500244,3.2846617698669434,0.039221812039613724
CRISP,split3,group,T cells CD8+_PD0325901,1,2.699894905090332,0.3771211504936218,0.011980239301919937
CRISP,split3,group,T cells CD8+_PF03814735,1,7.916083335876465,5.617985248565674,0.1475791335105896
CRISP,split3,group,T cells CD8+_PF04691502,1,3.6818535327911377,0.5018481016159058,0.019916657358407974
CRISP,split3,group,T cells CD8+_PRT062607,1,14.380826950073242,12.928504943847656,0.2619982361793518
CRISP,split3,group,T cells CD8+_Palbociclib,1,2.78233003616333,0.25011879205703735,0.01007644273340702
CRISP,split3,group,T cells CD8+_Penfluridol,1,1.828371286392212,0.22669434547424316,0.009260869584977627
CRISP,split3,group,T cells CD8+_Perhexiline,1,5.81412935256958,0.42026227712631226,0.01567469909787178
CRISP,split3,group,T cells CD8+_Phenylbutazone,1,2.2837095260620117,0.3824438750743866,0.01483849436044693
CRISP,split3,group,T cells CD8+_PitavastatinCalcium,1,13.377005577087402,2.4780306816101074,0.06776930391788483
CRISP,split3,group,T cells CD8+_Pomalidomide,1,4.227597713470459,0.15667670965194702,0.006483450066298246
CRISP,split3,group,T cells CD8+_PorcnInhibitorIII,1,5.3274078369140625,1.3086655139923096,0.04629373550415039
CRISP,split3,group,T cells CD8+_Prednisolone,1,19.913814544677734,17.02004623413086,0.26528725028038025
CRISP,split3,group,T cells CD8+_Protriptyline,1,1.8989903926849365,0.19060342013835907,0.007782743778079748
CRISP,split3,group,T cells CD8+_Quizartinib,1,4.466282367706299,0.44293680787086487,0.01710543967783451
CRISP,split3,group,T cells CD8+_R428,1,3.599774122238159,2.1151137351989746,0.04078204184770584
CRISP,split3,group,T cells CD8+_RG7090,1,5.323831558227539,0.934400737285614,0.03449293226003647
CRISP,split3,group,T cells CD8+_RG7112,1,8.565425872802734,6.892706394195557,0.11904345452785492
CRISP,split3,group,T cells CD8+_RN486,1,2.6320438385009766,0.32758092880249023,0.013574769720435143
CRISP,split3,group,T cells CD8+_RVX208,1,1.9809844493865967,0.2324610948562622,0.009442181326448917
CRISP,split3,group,T cells CD8+_Raloxifene,1,5.537395000457764,0.9568785429000854,0.03502320125699043
CRISP,split3,group,T cells CD8+_Ricolinostat,1,5.013195514678955,4.079660415649414,0.10646705329418182
CRISP,split3,group,T cells CD8+_Riociguat,1,1.1158173084259033,0.20024898648262024,0.00918794795870781
CRISP,split3,group,T cells CD8+_Ruxolitinib,1,3.3269920349121094,0.6394867897033691,0.02666301466524601
CRISP,split3,group,T cells CD8+_SB525334,1,6.953868865966797,0.7818747162818909,0.029006091877818108
CRISP,split3,group,T cells CD8+_SCH58261,1,1.4363117218017578,0.3992021083831787,0.014294357039034367
CRISP,split3,group,T cells CD8+_SLx2119,1,1.231584072113037,0.18538478016853333,0.007551368325948715
CRISP,split3,group,T cells CD8+_STK219801,1,1.548941731452942,0.20045898854732513,0.00820364523679018
CRISP,split3,group,T cells CD8+_Saracatinib,1,10.2227144241333,9.63344955444336,0.19340874254703522
CRISP,split3,group,T cells CD8+_Scriptaid,1,45.72160720825195,38.36212158203125,0.6226623058319092
CRISP,split3,group,T cells CD8+_Selumetinib,1,2.3622331619262695,0.8267587423324585,0.029189610853791237
CRISP,split3,group,T cells CD8+_Sgccbp30,1,2.6199405193328857,0.23377567529678345,0.009232052601873875
CRISP,split3,group,T cells CD8+_Sunitinib,1,2.341346263885498,0.6631300449371338,0.021585717797279358
CRISP,split3,group,T cells CD8+_TGX221,1,1.9429295063018799,0.9566003084182739,0.028128433972597122
CRISP,split3,group,T cells CD8+_TIE2KinaseInhibitor,1,1.5763328075408936,0.2523389160633087,0.008856665343046188
CRISP,split3,group,T cells CD8+_TLHRAS26,1,2.7085800170898438,0.2095189094543457,0.008561244234442711
CRISP,split3,group,T cells CD8+_TPCA1,1,8.212896347045898,7.020738124847412,0.17826463282108307
CRISP,split3,group,T cells CD8+_TR14035,1,0.8366601467132568,0.18153084814548492,0.012170962989330292
CRISP,split3,group,T cells CD8+_Tacalcitol,1,5.838778018951416,4.143922805786133,0.09479168802499771
CRISP,split3,group,T cells CD8+_Tamatinib,1,3.1446022987365723,0.7322766780853271,0.025612762197852135
CRISP,split3,group,T cells CD8+_Tipifarnib,1,1.471294641494751,0.2388671189546585,0.009697861969470978
CRISP,split3,group,T cells CD8+_Tivantinib,1,2.0696909427642822,1.1452674865722656,0.03125353157520294
CRISP,split3,group,T cells CD8+_Tivozanib,1,1.559823989868164,0.24549874663352966,0.0097229965031147
CRISP,split3,group,T cells CD8+_Topotecan,1,1.748656988143921,0.15661369264125824,0.006451242137700319
CRISP,split3,group,T cells CD8+_Tosedostat,1,3.3328280448913574,0.42302268743515015,0.015280194580554962
CRISP,split3,group,T cells CD8+_Trametinib,1,2.1536636352539062,0.38141077756881714,0.014607254415750504
CRISP,split3,group,T cells CD8+_UNIIBXU45ZH6LI,1,98.45828247070312,2.6114630699157715,0.09663520753383636
CRISP,split3,group,T cells CD8+_Vandetanib,1,1.9038732051849365,0.44547396898269653,0.0209941603243351
CRISP,split3,group,T cells CD8+_Vanoxerine,1,1.4001057147979736,0.2025606632232666,0.009949426166713238
CRISP,split3,group,T cells CD8+_Vardenafil,1,2.3651576042175293,0.22404712438583374,0.008997178636491299
CRISP,split3,group,T cells CD8+_Vorinostat,1,42.07539367675781,34.371700286865234,0.530107319355011
CRISP,split3,group,T cells CD8+_YK4279,1,4.885194778442383,0.37733542919158936,0.015128795988857746
CRISP,split3,split_mean,ALL,283,18.64364589400616,13.419637072726085,0.20680517974916793
CRISP,three_split_mean,three_split_mean,ALL,597,28.206693422098272,20.873476101812333,0.3173651086649302
