Name,Term,ES,NES,NOM p-val,FDR q-val,FWER p-val,Tag %,Gene %,Lead_genes
gsea,REACTOME_SLC_MEDIATED_TRANSMEMBRANE_TRANSPORT,-0.47753654428212,-1.8498565138719518,0.0,0.06528360082766958,0.04,4/30,8.55%,SLC24A3;RUNX1;APOD;SLC5A3
gsea,REACTOME_NERVOUS_SYSTEM_DEVELOPMENT,-0.5970283020734521,-1.7918151948899015,0.0,0.07495524539473175,0.085,26/59,19.43%,EVL;GFRA1;DSCAM;ANK3;COL4A5;EPHA4;MAPK1;ADGRV1;WWTR1;EFNA5;ROBO1;CACNA1C;CLTCL1;GRB10;MYO10;ABL1;GAB2;NTN4;PSMD5;ITGA5;COL5A2;SEMA3A;UNC5B;LAMB1;ROBO2;ANK1
gsea,REACTOME_RHO_GTPASE_EFFECTORS,-0.6726084606993081,-1.77218672426029,0.0,0.062462704495609776,0.105,12/25,16.42%,EVL;DIAPH3;MAPK1;CENPE;KIF2A;CDC25C;BUB1;NSL1;ABL1;CENPF;FMNL3;CENPT
gsea,REACTOME_DEVELOPMENTAL_BIOLOGY,-0.538560555008002,-1.769996555275854,0.0,0.0483582228353108,0.109,45/112,22.07%,EVL;MAML3;GFRA1;RUNX1;DSCAM;ANK3;BCL2;SYTL2;COL4A5;EPHA4;MAPK1;NCOA3;ADGRV1;WWTR1;ZFP36L2;EFNA5;ROBO1;BMP7;MAML2;CACNA1C;PCSK6;HIRA;CLTCL1;GRB10;GATA2;MYO10;ABL1;GAB2;KRT10;NTN4;PSMD5;ITGA5;COL5A2;SEMA3A;UNC5B;LAMB1;ROBO2;TP63;EGF;ANK1;EPAS1;CHD4;ITGA2B;AKT3;FYN
gsea,REACTOME_NCAM_SIGNALING_FOR_NEURITE_OUT_GROWTH,-0.7412079719981464,-1.7360858503157681,0.0,0.05633732960313709,0.156,4/11,7.15%,GFRA1;COL4A5;MAPK1;CACNA1C
gsea,WP_MALE_INFERTILITY,-0.6464500885447895,-1.7104512127584224,0.01340033500837521,0.06911196013546501,0.218,5/15,9.79%,BCL2;CLU;HMGA1;CDC42BPA;MTHFR
gsea,REACTOME_SIGNALING_BY_PDGF,-0.6432875106768584,-1.690443065720363,0.009787928221859706,0.07668232478170713,0.278,2/10,3.21%,COL4A5;CRKL
gsea,KEGG_NEUROTROPHIN_SIGNALING_PATHWAY,-0.6484497476667617,-1.6627997685617881,0.00625,0.09611196788518021,0.359,6/13,21.40%,BCL2;MAPK1;CRKL;ABL1;SH2B3;AKT3
gsea,REACTOME_ASPARAGINE_N_LINKED_GLYCOSYLATION,-0.5727791927937661,-1.6489407235248443,0.0,0.105179134666801,0.406,10/31,9.07%,ANK3;GFPT1;AREG;NGLY1;MAN1A1;SEC24D;B4GALT5;LMAN1;ST3GAL2;ST8SIA6
gsea,REACTOME_MITF_M_REGULATED_MELANOCYTE_DEVELOPMENT,-0.6891868677199346,-1.6341764834941646,0.004580152671755725,0.11605973480474593,0.48,3/10,1.76%,BCL2;SYTL2;MAPK1
gsea,REACTOME_PHOSPHOLIPID_METABOLISM,-0.628974566960799,-1.6298001359817083,0.010057471264367816,0.11089419736551955,0.49,6/15,12.85%,MBOAT2;PI4KA;PLD1;GPCPD1;TNFAIP8;GPAT3
gsea,REACTOME_GOLGI_TO_ER_RETROGRADE_TRANSPORT,-0.6466528178784945,-1.6094676786997786,0.02572347266881029,0.13207839611894262,0.567,5/11,17.51%,CENPE;KIF2A;KIF13B;NBAS;COPE
gsea,REACTOME_ESR_MEDIATED_SIGNALING,-0.7749306224393877,-1.605589231433603,0.001364256480218281,0.12768430760169563,0.579,9/15,8.70%,RUNX1;BCL2;MAPK1;NCOA3;AREG;ERBB4;FKBP5;KANK1;TFF1
gsea,REACTOME_RHO_GTPASES_ACTIVATE_FORMINS,-0.7761484255711621,-1.5948536960425692,0.0013736263736263737,0.1389435366821698,0.62,9/12,16.42%,EVL;DIAPH3;CENPE;KIF2A;BUB1;NSL1;CENPF;FMNL3;CENPT
gsea,REACTOME_NETRIN_1_SIGNALING,-0.6628109088619365,-1.5888910689236262,0.01023391812865497,0.1399164580701659,0.643,6/10,22.07%,DSCAM;ROBO1;MYO10;NTN4;UNC5B;FYN
gsea,REACTOME_SIGNALING_BY_RHO_GTPASES_MIRO_GTPASES_AND_RHOBTB3,-0.554386342093949,-1.5816627976617061,0.0,0.14552802684501345,0.677,34/72,20.26%,EVL;FNBP1;DIAPH3;MAPK1;CENPE;DOCK8;KIF2A;CDC25C;BUB1;LMAN1;PLD1;PCDH7;LBR;CDC42BPA;PTK2B;NSL1;ABL1;CKB;CENPF;FMNL3;PICALM;ARHGAP21;RHOH;ADD3;CENPT;DOCK11;RHOBTB1;SH3PXD2A;ARHGAP4;VIM;CCDC88A;MYLK;FAM13A;UBXN11
gsea,REACTOME_VESICLE_MEDIATED_TRANSPORT,-0.5602901060535903,-1.5813460487210462,0.0012033694344163659,0.1374653599127291,0.677,26/57,22.59%,ANK3;FNBP1;AREG;CENPE;KIF2A;MAN1A1;DENND5A;SEC24D;LMAN1;KIF13B;STON2;CLTCL1;SCARB1;NBAS;HYOU1;AP1S2;PICALM;CTSC;COPE;EGF;ANK1;COL1A1;AKT3;BET1;EREG;DENND5B
gsea,REACTOME_TRANSCRIPTIONAL_REGULATION_BY_MECP2,-0.636014279426768,-1.5716411029082644,0.018154311649016642,0.1484328784250512,0.716,3/10,8.29%,FKBP5;GPS2;LBR
gsea,KEGG_MEDICUS_REFERENCE_GF_RTK_RAS_ERK_SIGNALING_PATHWAY,-0.6321558848210299,-1.569751080227041,0.010752688172043012,0.14462926382192298,0.727,4/16,4.35%,MAPK1;AREG;ERBB4;EFNA5
gsea,REACTOME_SIGNALING_BY_NUCLEAR_RECEPTORS,-0.6726274517135393,-1.5583053687691168,0.0012004801920768306,0.15795004533583393,0.773,14/28,12.95%,RUNX1;BCL2;MAPK1;NCOA3;AREG;ERBB4;FKBP5;APOD;GPS2;KANK1;TFF1;ALDH1A1;PPARD;ALDH1A2
gsea,REACTOME_COPI_DEPENDENT_GOLGI_TO_ER_RETROGRADE_TRAFFIC,-0.6716986816167118,-1.5578972360772096,0.026771653543307086,0.1516375701764389,0.775,5/10,17.51%,CENPE;KIF2A;KIF13B;NBAS;COPE
gsea,KEGG_CHRONIC_MYELOID_LEUKEMIA,-0.733184289977462,-1.5560244630771167,0.0029940119760479044,0.14886639279642835,0.78,7/13,11.24%,RUNX1;MAPK1;CRKL;TGFB2;CDK6;ABL1;GAB2
gsea,REACTOME_MHC_CLASS_II_ANTIGEN_PRESENTATION,-0.6681149036480014,-1.5538572352714017,0.0014577259475218659,0.14691438350510183,0.785,5/10,16.37%,CENPE;KIF2A;SEC24D;AP1S2;CTSC
gsea,REACTOME_COLLAGEN_BIOSYNTHESIS_AND_MODIFYING_ENZYMES,-0.5052534548748396,-1.550139638656166,0.010174418604651164,0.14603175833288126,0.801,6/16,23.99%,COL4A5;P4HA1;P3H1;COL5A2;COL1A1;COL26A1
gsea,REACTOME_TCR_SIGNALING,-0.521841526058323,-1.5406455003437587,0.03102189781021898,0.15755108999744258,0.83,2/11,13.47%,EVL;PSMD5
gsea,WP_SMALL_CELL_LUNG_CANCER,-0.7132435918986174,-1.5399896513248799,0.009985734664764621,0.15265388996954363,0.831,8/11,21.40%,BCL2;COL4A5;FN1;CDK6;FHIT;LAMB1;ITGA2B;AKT3
gsea,REACTOME_DISEASES_OF_METABOLISM,-0.5472726333591538,-1.5363193412275702,0.008985879332477536,0.15371646203113146,0.841,8/25,13.42%,GFPT1;ADAMTS19;MUC5B;GCLM;CYP24A1;HSPG2;MUC5AC;SDC3
gsea,REACTOME_CELL_CYCLE,-0.628205823574196,-1.5321118191650638,0.0025673940949935813,0.1558257376898542,0.853,19/34,17.98%,NUP214;MAPK1;CENPE;KIF2A;CDC25C;BRIP1;BUB1;CDC45;LBR;NSL1;CDK6;ABL1;PRKAR2B;PSMD5;CENPF;ANAPC2;CENPT;TOP2A;ZNF385A
gsea,REACTOME_CELL_CYCLE_MITOTIC,-0.653774266936961,-1.531309912887046,0.0038560411311053984,0.15182814445362236,0.855,17/30,17.20%,NUP214;MAPK1;CENPE;KIF2A;CDC25C;BUB1;CDC45;LBR;NSL1;CDK6;ABL1;PRKAR2B;PSMD5;CENPF;ANAPC2;CENPT;TOP2A
gsea,PID_CMYB_PATHWAY,-0.5063192628952886,-1.530767654116884,0.03870967741935484,0.14805675891410988,0.859,2/10,10.47%,BCL2;CDK6
gsea,KEGG_AXON_GUIDANCE,-0.6557896319451354,-1.5258083549139008,0.006053268765133172,0.15111944636034627,0.865,14/18,27.67%,EPHA4;MAPK1;EFNA5;ROBO1;ABL1;NTN4;SEMA3A;UNC5B;ROBO2;NTNG1;FYN;SEMA6B;SEMA6C;SEMA7A
gsea,REACTOME_TRANSPORT_TO_THE_GOLGI_AND_SUBSEQUENT_MODIFICATION,-0.6022708941885998,-1.5210066650763474,0.009485094850948509,0.15429295473391352,0.875,11/20,22.02%,ANK3;AREG;MAN1A1;SEC24D;B4GALT5;LMAN1;ST8SIA6;CTSC;COPE;ANK1;BET1
gsea,REACTOME_EXTRACELLULAR_MATRIX_ORGANIZATION,-0.4728419820773411,-1.5181011119285353,0.007142857142857143,0.15478294809029403,0.878,21/51,21.97%,COL4A5;P4HA1;CD44;BMP7;TGFB2;FN1;P3H1;HSPG2;NTN4;SDC3;ITGA5;CEACAM6;COL5A2;SH3PXD2A;DMD;LAMB1;ICAM1;COL1A1;ITGA2B;SERPINE1;LOXL2
gsea,REACTOME_GASTRULATION,-0.6319238100226234,-1.5179497700782993,0.04746835443037975,0.15044385354132353,0.878,4/11,13.47%,MAML3;EPHA4;MAML2;PSMD5
gsea,REACTOME_GLYCEROPHOSPHOLIPID_BIOSYNTHESIS,-0.6079357475292191,-1.5171610731791254,0.027777777777777776,0.1471817053580424,0.88,4/11,12.85%,MBOAT2;PLD1;GPCPD1;GPAT3
gsea,KEGG_FC_GAMMA_R_MEDIATED_PHAGOCYTOSIS,-0.539853300184836,-1.5166536691441332,0.04769475357710652,0.14383213083585844,0.881,5/16,11.24%,MAPK1;CRKL;PLD1;MYO10;GAB2
gsea,WP_22Q112_COPY_NUMBER_VARIATION_SYNDROME,-0.7260212825115955,-1.514471247039699,0.005076142131979695,0.14331024686194135,0.884,10/18,12.95%,BCL2;KLHL22;CRKL;PI4KA;CDC45;HIRA;CLTCL1;PRKN;RTN4;ALDH1A2
gsea,REACTOME_MEMBRANE_TRAFFICKING,-0.5814972412822187,-1.5106380794568346,0.0035169988276670576,0.14593366325366489,0.895,23/48,22.59%,ANK3;FNBP1;AREG;CENPE;KIF2A;MAN1A1;DENND5A;SEC24D;LMAN1;KIF13B;STON2;CLTCL1;NBAS;AP1S2;PICALM;CTSC;COPE;EGF;ANK1;AKT3;BET1;EREG;DENND5B
gsea,REACTOME_INTRA_GOLGI_AND_RETROGRADE_GOLGI_TO_ER_TRAFFIC,-0.6019060370901935,-1.5061367825753014,0.022727272727272728,0.149786495346296,0.907,5/16,10.26%,CENPE;KIF2A;MAN1A1;KIF13B;NBAS
gsea,REACTOME_TRANSCRIPTIONAL_REGULATION_BY_RUNX1,-0.5455808332696175,-1.5031545234801684,0.030257186081694403,0.1506963119105373,0.915,10/18,28.03%,RUNX1;GATA2;CDK6;ABL1;PSMD5;LIFR;SCMH1;ITGA2B;CCND3;PRKCB
gsea,REACTOME_TRANSCRIPTIONAL_REGULATION_BY_RUNX2,-0.6681970739993011,-1.4944328974226773,0.021645021645021644,0.16132185190974718,0.929,8/14,21.40%,RUNX1;MAPK1;WWTR1;ABL1;PSMD5;ITGA5;COL1A1;AKT3
gsea,REACTOME_COLLAGEN_FORMATION,-0.4917388518298288,-1.4881908455343005,0.024965325936199722,0.16813117832205382,0.942,7/18,23.99%,COL4A5;P4HA1;P3H1;COL5A2;COL1A1;LOXL2;COL26A1
gsea,KEGG_ERBB_SIGNALING_PATHWAY,-0.6510430019830875,-1.4863852105324284,0.01358695652173913,0.16801670910687055,0.945,10/17,22.12%,MAPK1;AREG;CRKL;ERBB4;NRG3;ABL1;NRG1;EGF;AKT3;EREG
gsea,REACTOME_M_PHASE,-0.6803954724720976,-1.485614721155161,0.01310615989515072,0.16537962684416804,0.946,12/19,16.42%,NUP214;MAPK1;CENPE;KIF2A;BUB1;LBR;NSL1;PRKAR2B;PSMD5;CENPF;ANAPC2;CENPT
gsea,REACTOME_TRANSPORT_OF_BILE_SALTS_AND_ORGANIC_ACIDS_METAL_IONS_AND_AMINE_COMPOUNDS,-0.41288858962901553,-1.4748241209650998,0.06761565836298933,0.1824985598445924,0.956,3/16,16.99%,RUNX1;SLC5A3;SLC16A1
gsea,KEGG_TGF_BETA_SIGNALING_PATHWAY,-0.7394360886769873,-1.463165120610891,0.030346820809248554,0.2013173841948265,0.967,5/10,12.33%,MAPK1;ACVR1;BMP7;TGFB2;INHBA
gsea,WP_CORTICOTROPINRELEASING_HORMONE_SIGNALING,-0.5583679120901458,-1.4622135375257197,0.06756756756756757,0.1988603301807382,0.967,2/12,1.76%,BCL2;MAPK1
gsea,REACTOME_DISEASES_OF_GLYCOSYLATION,-0.5755794599396402,-1.45914427382227,0.016774193548387096,0.20149259514712833,0.971,6/16,13.42%,GFPT1;ADAMTS19;MUC5B;HSPG2;MUC5AC;SDC3
gsea,REACTOME_TRANSPORT_OF_INORGANIC_CATIONS_ANIONS_AND_AMINO_ACIDS_OLIGOPEPTIDES,-0.5328914584793817,-1.4542797496125746,0.07460035523978685,0.20712616362369093,0.976,1/12,0.26%,SLC24A3
gsea,KEGG_ACUTE_MYELOID_LEUKEMIA,-0.6066223891424287,-1.453301235858849,0.040229885057471264,0.2049179692646295,0.976,3/10,9.84%,RUNX1;MAPK1;PPARD
gsea,REACTOME_ER_TO_GOLGI_ANTEROGRADE_TRANSPORT,-0.6278042677313668,-1.4501481088666024,0.0205761316872428,0.2073951429343795,0.978,9/14,25.85%,ANK3;AREG;SEC24D;LMAN1;CTSC;COPE;ANK1;BET1;TUBB2A
gsea,REACTOME_RHOG_GTPASE_CYCLE,-0.6070775047938417,-1.4469784382847435,0.06774193548387097,0.2099165355673179,0.98,5/12,14.77%,DIAPH3;LMAN1;PLD1;LBR;ARHGAP21
gsea,REACTOME_FCGAMMA_RECEPTOR_FCGR_DEPENDENT_PHAGOCYTOSIS,-0.58466424674936,-1.4440153199360017,0.048672566371681415,0.21234278130844728,0.981,5/13,11.19%,MAPK1;PLD1;ITPR1;MYO10;ABL1
gsea,REACTOME_ECM_PROTEOGLYCANS,-0.6300313754788133,-1.441935596041791,0.01972872996300863,0.2124179714173282,0.986,9/16,20.98%,COL4A5;TGFB2;FN1;HSPG2;COL5A2;LAMB1;COL1A1;ITGA2B;SERPINE1
gsea,REACTOME_MITOTIC_PROMETAPHASE,-0.7328664719762334,-1.438847805942641,0.04423592493297587,0.21517211060675337,0.987,7/10,16.42%,CENPE;KIF2A;BUB1;NSL1;PRKAR2B;CENPF;CENPT
gsea,REACTOME_SIGNALING_BY_RECEPTOR_TYROSINE_KINASES,-0.4632516192046864,-1.436583830856935,0.016816143497757848,0.21605763131062078,0.987,28/71,22.12%,COL4A5;MAPK1;AREG;CRKL;ERBB4;FN1;TNS3;PCSK6;PDE3B;NRG3;ITPR1;PTK2B;GRB10;GAB2;FAM83A;VGF;TGFBR3;COL5A2;SH2B3;LAMB1;NRG1;EGF;TNS4;COL1A1;CHD4;AKT3;FYN;EREG
gsea,REACTOME_CARDIAC_CONDUCTION,-0.5722199179987201,-1.4350009348254607,0.045576407506702415,0.21549102807313936,0.987,7/16,23.73%,WWTR1;CACNA1C;ITPR1;MME;KCNH2;CLIC2;RYR1
gsea,WP_COMPLEMENT_SYSTEM_IN_NEURONAL_DEVELOPMENT_AND_PLASTICITY,-0.6066151765608909,-1.4335719748370355,0.04632152588555858,0.21463130195482555,0.987,5/11,12.69%,CLU;TGFB2;MFGE8;C5;PROS1
gsea,WP_ANDROGEN_RECEPTOR_NETWORK_IN_PROSTATE_CANCER,-0.7257765397803985,-1.433178988701898,0.03656821378340366,0.21179262340075106,0.987,7/10,16.32%,BCL2;MAPK1;CRKL;FKBP5;ABCC4;PTK2B;NDRG1
gsea,WP_PLEURAL_MESOTHELIOMA,-0.5055278940670512,-1.430223472976007,0.021505376344086023,0.21469036012926523,0.988,22/49,27.98%,BCL2;COL4A5;MAPK1;AREG;WWTR1;EFNA5;CD44;MKNK2;FN1;MOB1B;TNIK;NDRG1;DDIT3;LAMB1;EGF;AKT3;CDH12;PRKAA1;ROR2;FLT1;CCND3;CDH2
gsea,REACTOME_NEGATIVE_REGULATION_OF_THE_PI3K_AKT_NETWORK,-0.5806573178785267,-1.428672506209406,0.04993429697766097,0.21452024752844434,0.989,10/18,22.12%,MAPK1;AREG;ERBB4;NRG3;GAB2;NRG1;EGF;AKT3;FYN;EREG
gsea,KEGG_ECM_RECEPTOR_INTERACTION,-0.6290248497138079,-1.4265164541610962,0.03672985781990521,0.2152525894673371,0.989,9/15,20.83%,CD44;FN1;HSPG2;SDC3;ITGA5;COL5A2;LAMB1;COL1A1;ITGA2B
gsea,REACTOME_CELL_CYCLE_CHECKPOINTS,-0.7070229976063273,-1.4262474643026817,0.029769959404600813,0.21220048734637575,0.989,12/15,17.98%,CENPE;KIF2A;CDC25C;BRIP1;BUB1;CDC45;NSL1;PSMD5;CENPF;ANAPC2;CENPT;ZNF385A
gsea,REACTOME_RHOD_GTPASE_CYCLE,-0.6354818292649093,-1.4213912996738165,0.059854014598540145,0.2183109301983152,0.992,5/10,16.01%,DIAPH3;LMAN1;LBR;ARHGAP21;ADD3
gsea,REACTOME_MITOTIC_METAPHASE_AND_ANAPHASE,-0.7029253971115084,-1.416145920604812,0.03112313937753721,0.22626068491982917,0.994,9/13,16.42%,CENPE;KIF2A;BUB1;LBR;NSL1;PSMD5;CENPF;ANAPC2;CENPT
gsea,WP_UROTENSINIIMEDIATED_SIGNALING,-0.6482306762179467,-1.4117543774191803,0.042105263157894736,0.23233927971328874,0.995,6/11,20.21%,BCL2;MAPK1;FN1;DDIT3;ICAM1;COL1A1
gsea,WP_RAS_SIGNALING,-0.5088227017347599,-1.4088488027762218,0.09235209235209235,0.2350065276892119,0.995,7/17,28.03%,MAPK1;PLD1;ABL1;GAB2;AKT3;FLT1;PRKCB
gsea,REACTOME_MAPK_FAMILY_SIGNALING_CASCADES,-0.5068521839572186,-1.4020682535974696,0.05416116248348745,0.24700029038638713,0.996,15/38,22.12%,GFRA1;MAPK1;NCOA3;AREG;ERBB4;FN1;NRG3;PSMD5;DLG2;IGF2BP1;NRG1;EGF;ITGA2B;FYN;EREG
gsea,REACTOME_SIGNALING_BY_NTRKS,-0.45762046298077985,-1.3997948677033158,0.0799347471451876,0.2486418624115564,0.996,6/17,22.07%,MAPK1;CRKL;PCSK6;VGF;CHD4;FYN
