group,n_cells,n_de_genes,n_unique_rows_de,n_variable_genes_de,finite,valid
K562_2-Methoxyestradiol_1.0,63,50,5,6,True,True
K562_A-366_1.0,211,50,210,7,True,True
K562_ABT-737_1.0,170,50,170,13,True,True
K562_AC480_1.0,140,50,24,3,True,False
K562_AG-14361_1.0,196,50,6,3,True,False
K562_AG-490_1.0,225,50,77,10,True,True
K562_AICAR_1.0,242,50,8,5,True,True
K562_AMG-900_1.0,179,50,179,16,True,True
K562_AR-42_1.0,71,50,29,19,True,True
K562_AT9283_1.0,78,50,44,9,True,True
K562_AZD1480_1.0,89,50,11,5,True,True
K562_AZ_1.0,125,50,90,8,True,True
K562_Abexinostat_1.0,70,50,28,11,True,True
K562_Alendronate_1.0,236,50,11,8,True,True
K562_Alisertib_1.0,105,50,93,10,True,True
K562_Altretamine_1.0,196,50,20,6,True,True
K562_Alvespimycin_1.0,96,50,70,13,True,True
K562_Aminoglutethimide_1.0,251,50,13,6,True,True
K562_Amisulpride_1.0,259,50,8,5,True,True
K562_Anacardic_1.0,190,50,11,5,True,True
K562_Andarine_1.0,241,50,13,9,True,True
K562_Aurora_1.0,135,50,8,6,True,True
K562_Avagacestat_1.0,160,50,4,5,True,True
K562_Azacitidine_1.0,187,50,183,44,True,True
K562_BMS-265246_1.0,176,50,105,14,True,True
K562_BMS-536924_1.0,191,50,90,14,True,True
K562_BMS-754807_1.0,183,50,51,15,True,True
K562_BMS-911543_1.0,231,50,41,9,True,True
K562_BRD4770_1.0,181,50,14,4,True,False
K562_Barasertib_1.0,158,50,45,7,True,True
K562_Baricitinib_1.0,220,50,8,5,True,True
K562_Belinostat_1.0,58,50,16,22,True,True
K562_Bisindolylmaleimide_1.0,7,50,1,0,True,False
K562_Bosutinib_1.0,43,50,4,5,True,False
K562_Busulfan_1.0,236,50,8,5,True,True
K562_CEP-33779_1.0,192,50,192,10,True,True
K562_CUDC-101_1.0,63,50,29,14,True,True
K562_CUDC-907_1.0,28,50,2,1,True,False
K562_CYC116_1.0,165,50,165,6,True,True
K562_Capecitabine_1.0,275,50,5,4,True,False
K562_Carmofur_1.0,247,50,247,9,True,True
K562_Cediranib_1.0,99,50,99,6,True,True
K562_Celecoxib_1.0,234,50,32,7,True,True
K562_Cerdulatinib_1.0,194,50,194,32,True,True
K562_Cimetidine_1.0,204,50,14,7,True,True
K562_Clevudine_1.0,214,50,8,3,True,False
K562_Costunolide_1.0,244,50,199,13,True,True
K562_Crizotinib_1.0,76,50,41,12,True,True
K562_Curcumin_1.0,220,50,5,2,True,False
K562_Cyclocytidine_1.0,214,50,214,20,True,True
K562_Dacinostat_1.0,74,50,34,16,True,True
K562_Danusertib_1.0,111,50,103,16,True,True
K562_Daphnetin_1.0,179,50,4,1,True,False
K562_Dasatinib_1.0,102,50,88,23,True,True
K562_Decitabine_1.0,184,50,135,5,True,True
K562_Disulfiram_1.0,216,50,7,3,True,False
K562_Divalproex_1.0,210,50,24,5,True,True
K562_Droxinostat_1.0,173,50,139,7,True,True
K562_EED226_1.0,196,50,1,0,True,False
K562_ENMD-2076_1.0,270,50,268,43,True,True
K562_Ellagic_1.0,245,50,9,7,True,True
K562_Entacapone_1.0,215,50,9,7,True,True
K562_Entinostat_1.0,101,50,94,20,True,True
K562_Enzastaurin_1.0,145,50,97,16,True,True
K562_Epothilone_1.0,70,50,24,6,True,True
K562_FLLL32_1.0,80,50,16,3,True,False
K562_Fasudil_1.0,189,50,4,2,True,False
K562_Fedratinib_1.0,54,50,1,0,True,False
K562_Filgotinib_1.0,208,50,208,11,True,True
K562_Flavopiridol_1.0,6,50,1,0,True,False
K562_Fluorouracil_1.0,252,50,247,12,True,True
K562_Fulvestrant_1.0,201,50,4,4,True,False
K562_G007-LK_1.0,179,50,3,2,True,False
K562_GSK-LSD1_1.0,205,50,203,14,True,True
K562_GSK1070916_1.0,137,50,137,16,True,True
K562_GSK_1.0,182,50,6,4,True,False
K562_Gandotinib_1.0,166,50,166,19,True,True
K562_Givinostat_1.0,76,50,25,15,True,True
K562_Glesatinib?(MGCD265)_1.0,94,50,48,12,True,True
K562_Hesperadin_1.0,114,50,98,12,True,True
K562_INO-1001_1.0,220,50,12,7,True,True
K562_IOX2_1.0,221,50,29,9,True,True
K562_ITSA-1_1.0,173,50,49,5,True,True
K562_Iniparib_1.0,170,50,18,4,True,False
K562_Ivosidenib_1.0,165,50,6,5,True,True
K562_JNJ-26854165_1.0,201,50,201,20,True,True
K562_JNJ-7706621_1.0,68,50,25,18,True,True
K562_JQ1_1.0,114,50,67,14,True,True
K562_KW-2449_1.0,150,50,150,25,True,True
K562_Ki16425_1.0,201,50,5,1,True,False
K562_Ki8751_1.0,161,50,65,13,True,True
K562_Lapatinib_1.0,167,50,18,7,True,True
K562_Lenalidomide_1.0,235,50,27,5,True,True
K562_Linifanib_1.0,224,50,217,16,True,True
K562_Lomustine_1.0,188,50,7,4,True,False
K562_Luminespib_1.0,77,50,27,18,True,True
K562_M344_1.0,55,50,13,9,True,True
K562_MC1568_1.0,219,50,30,12,True,True
K562_MK-0752_1.0,207,50,184,6,True,True
K562_MK-5108_1.0,64,50,16,10,True,True
K562_MLN8054_1.0,178,50,89,9,True,True
K562_Maraviroc_1.0,196,50,3,2,True,False
K562_Meprednisone_1.0,277,50,276,12,True,True
K562_Mercaptopurine_1.0,153,50,153,15,True,True
K562_Mesna_1.0,263,50,8,6,True,True
K562_Mocetinostat_1.0,66,50,35,12,True,True
K562_Momelotinib_1.0,138,50,120,14,True,True
K562_Motesanib_1.0,209,50,6,6,True,True
K562_NVP-BSK805_1.0,127,50,127,12,True,True
K562_Navitoclax_1.0,36,50,2,8,True,False
K562_Nilotinib_1.0,126,50,116,25,True,True
K562_Nintedanib_1.0,60,50,9,7,True,True
K562_Obatoclax_1.0,77,50,13,6,True,True
K562_Ofloxacin_1.0,224,50,13,10,True,True
K562_PCI-34051_1.0,178,50,8,5,True,True
K562_PD173074_1.0,206,50,10,8,True,True
K562_PD98059_1.0,212,50,5,8,True,True
K562_PF-3845_1.0,209,50,8,6,True,True
K562_PF-573228_1.0,179,50,179,10,True,True
K562_PFI-1_1.0,109,50,103,19,True,True
K562_PHA-680632_1.0,96,50,94,15,True,True
K562_PJ34_1.0,169,50,113,3,True,False
K562_Panobinostat_1.0,60,50,10,11,True,True
K562_Patupilone_1.0,57,50,3,1,True,False
K562_Pelitinib_1.0,86,50,76,9,True,True
K562_Pirarubicin_1.0,146,50,145,17,True,True
K562_Pracinostat_1.0,75,50,33,28,True,True
K562_Prednisone_1.0,228,50,22,8,True,True
K562_Quercetin_1.0,160,50,11,6,True,True
K562_Quisinostat_1.0,74,50,22,11,True,True
K562_RG108_1.0,195,50,4,3,True,False
K562_Raltitrexed_1.0,179,50,179,21,True,True
K562_Ramelteon_1.0,245,50,25,8,True,True
K562_Regorafenib_1.0,77,50,77,13,True,True
K562_Resminostat_1.0,104,50,69,20,True,True
K562_Resveratrol_1.0,234,50,219,12,True,True
K562_Rigosertib_1.0,43,50,4,5,True,False
K562_Roscovitine_1.0,257,50,7,6,True,True
K562_Roxadustat_1.0,237,50,49,8,True,True
K562_Rucaparib_1.0,196,50,7,3,True,False
K562_Ruxolitinib_1.0,232,50,9,4,True,False
K562_S-Ruxolitinib_1.0,208,50,43,4,True,False
K562_S3I-201_1.0,264,50,8,6,True,True
K562_SB431542_1.0,274,50,18,9,True,True
K562_SGI-1776_1.0,43,50,2,2,True,False
K562_SL-327_1.0,205,50,88,14,True,True
K562_SNS-314_1.0,154,50,124,17,True,True
K562_SRT1720_1.0,55,50,55,17,True,True
K562_SRT2104_1.0,227,50,23,10,True,True
K562_SRT3025_1.0,177,50,3,1,True,False
K562_Selisistat_1.0,240,50,23,5,True,True
K562_Sirtinol_1.0,242,50,242,9,True,True
K562_Sodium_1.0,186,50,10,5,True,True
K562_Sorafenib_1.0,97,50,97,10,True,True
K562_Streptozotocin_1.0,245,50,6,4,True,False
K562_TAK-901_1.0,58,50,17,9,True,True
K562_TG101209_1.0,63,50,20,10,True,True
K562_TGX-221_1.0,212,50,7,2,True,False
K562_TMP195_1.0,192,50,4,3,True,False
K562_Tacedinaline_1.0,133,50,126,29,True,True
K562_Tanespimycin_1.0,84,50,39,11,True,True
K562_Tazemetostat_1.0,212,50,10,8,True,True
K562_Temsirolimus_1.0,116,50,9,3,True,False
K562_Thalidomide_1.0,208,50,6,5,True,True
K562_Thiotepa_1.0,267,50,264,8,True,True
K562_Tie2_1.0,251,50,101,11,True,True
K562_Tofacitinib_1.0,206,50,40,11,True,True
K562_Toremifene_1.0,130,50,76,4,True,False
K562_Tozasertib_1.0,107,50,106,16,True,True
K562_Trametinib_1.0,152,50,134,25,True,True
K562_Tranylcypromine_1.0,215,50,215,10,True,True
K562_Triamcinolone_1.0,265,50,263,15,True,True
K562_Trichostatin_1.0,79,50,26,6,True,True
K562_Tubastatin_1.0,206,50,33,3,True,False
K562_Tucidinostat_1.0,118,50,118,27,True,True
K562_UNC0379_1.0,152,50,152,14,True,True
K562_UNC0631_1.0,191,50,8,5,True,True
K562_UNC1999_1.0,183,50,5,3,True,False
K562_Valproic_1.0,235,50,46,8,True,True
K562_Vandetanib_1.0,68,50,25,10,True,True
K562_Veliparib_1.0,238,50,6,3,True,False
K562_WHI-P154_1.0,169,50,16,6,True,True
K562_WP1066_1.0,203,50,8,7,True,True
K562_XAV-939_1.0,164,50,8,10,True,True
K562_YM155_1.0,75,50,21,9,True,True
K562_ZM_1.0,199,50,164,7,True,True
K562_Zileuton_1.0,246,50,16,7,True,True
