group,n_truth,crisp_between_seed,diffcrisp_between_seed,real_sampling,crisp_ratio,diffcrisp_ratio
K562_2-Methoxyestradiol_1.0,63,1.473317013025937e-05,3.5644280984570285e-07,0.0046528928787275044,0.0031664537556017557,7.660670880159712e-05
K562_A-366_1.0,211,4.267638131649518e-05,0.03303862307220697,0.11194054476088948,0.0003812415010812573,0.29514438350089417
K562_ABT-737_1.0,170,0.0005271489710948016,0.07651123959157202,0.2542114078998566,0.002073663709468402,0.30097484697347915
K562_AG-490_1.0,225,0.0002088765238416575,0.004651497070315398,0.07728160561786758,0.002702797414361239,0.06018892895827681
K562_AICAR_1.0,242,4.1489659246490224e-08,0.0011880056459296561,0.013324702008523875,3.1137401211636172e-06,0.08915813990959673
K562_AMG-900_1.0,179,2.589225249620439e-05,0.05696259828077422,0.3381835463974211,7.656272096034132e-05,0.16843692984943104
K562_AR-42_1.0,71,0.0010830894119054494,0.04341556599570645,0.22129350387387806,0.004894357009787035,0.1961899704947973
K562_AT9283_1.0,78,0.0008861700318650239,0.061210210538572736,0.13470049218999014,0.006578818068571816,0.4544171260505712
K562_AZD1480_1.0,89,0.0001689858595556062,0.0025993627289103136,0.011472571198828519,0.014729554223456169,0.22657194136007963
K562_AZ_1.0,125,0.00014204796542698102,0.01518152430653572,0.15688404225640826,0.0009054328495362234,0.09676907917583695
K562_Abexinostat_1.0,70,0.0020733240254533786,0.05985456986559762,0.13238966597451104,0.015660769367395754,0.45210907834091374
K562_Alendronate_1.0,236,5.182745859807862e-05,0.0019015710068843975,0.00574279491427458,0.009024779636349832,0.33112291754625556
K562_Alisertib_1.0,105,0.00026971481687117677,0.012800685140407747,0.22756320403681862,0.0011852303539703116,0.056251120186973015
K562_Altretamine_1.0,196,8.934211905398115e-07,0.007202250183197773,0.013043500767606828,6.84955064179241e-05,0.5521715612640098
K562_Alvespimycin_1.0,96,0.0007058820806883483,0.0394609140439166,0.2151012616025077,0.0032816268739175028,0.18345273175030302
K562_Aminoglutethimide_1.0,251,3.0851360924720616e-07,0.0012119210518044888,0.013364663725304935,2.3084277733308022e-05,0.0906809985431816
K562_Amisulpride_1.0,259,2.699016961729386e-07,0.007548937589551012,0.006653447676863935,4.0565690042392464e-05,1.134590359190915
K562_Anacardic_1.0,190,5.457957353832575e-05,0.0006138681065610602,0.01774299496060444,0.0030761195423608697,0.034597772694184875
K562_Andarine_1.0,241,0.0,0.0007062242383274982,0.01149892962227265,0.0,0.06141651975672497
K562_Aurora_1.0,135,7.891733362599654e-07,0.010233128621863822,0.006678524919337144,0.0001181658144263228,1.53224383310072
K562_Avagacestat_1.0,160,0.0002984075095608003,0.011515680550494128,0.002487402611791536,0.11996751476668836,4.629600570452096
K562_Azacitidine_1.0,187,0.0005489373052518608,0.14662238458792368,1.7734777026706272,0.000309525913083222,0.08267506513734534
K562_BMS-265246_1.0,176,0.0006410834925999451,0.021441646416982017,0.12548245795898968,0.005108949115496803,0.17087365649140854
K562_BMS-536924_1.0,191,0.00027517089131126545,0.010363621482004723,0.14243926794992554,0.0019318471322669368,0.0727581770895372
K562_BMS-754807_1.0,183,5.092930281939011e-05,0.001509824000418626,0.027341149292058414,0.0018627345279221008,0.055221672808654525
K562_BMS-911543_1.0,231,9.534886493788185e-07,0.004043741295188536,0.03820385949479209,2.4957914252323043e-05,0.1058464078934165
K562_Barasertib_1.0,158,1.7198343464820533e-06,0.0012662792917884265,0.023915954762034945,7.191159055093133e-05,0.052947051639291615
K562_Baricitinib_1.0,220,1.0933290364947525e-05,0.007604722800250683,0.01456344048915155,0.0007507354030177032,0.5221790006225189
K562_Belinostat_1.0,58,0.0011876215395103726,0.03386794808838103,0.08731142547395494,0.013602132058474305,0.3878982378827827
K562_Busulfan_1.0,236,3.109666773626587e-05,9.309710795453915e-07,0.005117786088440981,0.0060761952920425355,0.00018190894723952618
K562_CEP-33779_1.0,192,0.0004686558788105483,0.030473286430868836,0.0989531503783332,0.004736139041745611,0.3079567079406627
K562_CUDC-101_1.0,63,0.0022127266184219885,0.1205273578564326,0.1252053519917859,0.017672779823079403,0.9626374267478581
K562_CYC116_1.0,165,1.0180314668812368e-05,0.01954947147104475,0.05402838202814261,0.00018842531067300123,0.36183707039129376
K562_Carmofur_1.0,247,0.00025428823897123546,0.08602286593781577,0.25376316408316296,0.0010020691532987838,0.3389887821134846
K562_Cediranib_1.0,99,0.0005460152706493521,0.040233185349239246,0.11966056476036707,0.00456303437763983,0.3362276070634503
K562_Celecoxib_1.0,234,1.6425000546228654e-05,0.0011327968099067221,0.020590731083777628,0.0007976890417052293,0.05501489020946877
K562_Cerdulatinib_1.0,194,0.0013372696625689666,0.3918780439429813,3.7932922257317436,0.00035253536584859373,0.10330816099131045
K562_Cimetidine_1.0,204,4.0912633241734716e-08,0.006478781771511422,0.011134667694568634,3.6743470361213778e-06,0.5818567692569486
K562_Costunolide_1.0,244,0.0006637648952568674,0.009924786103268465,0.04875677688978612,0.013613797662575129,0.20355705886185377
K562_Crizotinib_1.0,76,0.000577660556235868,0.021299734608166747,0.1041994984779093,0.005543794016996486,0.2044130242400579
K562_Cyclocytidine_1.0,214,0.0008861258710061924,0.2121808406379488,2.13709802892473,0.00041463978676356837,0.09928456147830826
K562_Dacinostat_1.0,74,0.000708710597245954,0.04298364147543907,0.2361252185371187,0.0030014184915811743,0.18203748732023758
K562_Danusertib_1.0,111,0.0006095347124048405,0.032696791075997884,0.316791456606653,0.0019240882280536842,0.10321235119858727
K562_Dasatinib_1.0,102,0.0006112113173003308,0.04418918920887841,0.3938520653380288,0.0015518804421547226,0.1121974291818235
K562_Decitabine_1.0,184,0.0003189337436601313,0.026196168197525873,0.11260923287934727,0.002832216644276815,0.23262895526153873
K562_Divalproex_1.0,210,8.322756173129164e-07,0.005449627599510778,0.009678276648951902,8.59941958161577e-05,0.5630783038322158
K562_Droxinostat_1.0,173,0.000279214888602534,0.039083494452966584,0.15675830874178145,0.0017811807925439405,0.24932327202729954
K562_ENMD-2076_1.0,270,0.0029462312749173078,0.13413745843701894,3.648806487189399,0.0008074506788072308,0.036762009415397166
K562_Ellagic_1.0,245,2.0100291212404247e-06,0.001408988755037102,0.012117112786336629,0.00016588350349490454,0.11628089792362839
K562_Entacapone_1.0,215,1.9838252537990937e-07,0.0038975592660588317,0.015219835983934225,1.3034471960756888e-05,0.2560841831786507
K562_Entinostat_1.0,101,0.001260421032525806,0.08020966872572899,0.5166654262277816,0.0024395304360275228,0.15524489283393053
K562_Enzastaurin_1.0,145,0.0006890506460978132,0.016470712733765443,0.27244680126508075,0.0025291199709384445,0.06045478477737767
K562_Epothilone_1.0,70,1.3499330523498227e-05,0.008087159102109985,0.022621892785860433,0.0005967374459459836,0.35749259262535166
K562_Filgotinib_1.0,208,0.0003260878379579582,0.07516685153047244,0.4170101112789578,0.0007819662620598247,0.18025186799413065
K562_Fluorouracil_1.0,252,0.00022241180413402618,0.01898178043257859,0.22910071710745494,0.0009708036139830525,0.08285343089378276
K562_GSK-LSD1_1.0,205,3.810204470937606e-05,0.02412804870141877,0.6840708699491289,5.5698972698851404e-05,0.0352712705091697
K562_GSK1070916_1.0,137,0.0011253257398493588,0.10380728758043713,0.4480590211020576,0.0025115569307844277,0.23168217286443654
K562_Gandotinib_1.0,166,0.0013359522110679084,0.11983447819948197,0.6015861471494038,0.002220716380186402,0.19919753599266488
K562_Givinostat_1.0,76,0.0006979318975936621,0.07441707625985146,0.1482470613386896,0.004707897015234227,0.5019801106872265
K562_Glesatinib?(MGCD265)_1.0,94,0.00022127027574849004,0.02088874052796099,0.1325594823393557,0.0016692149957407984,0.15758013051443032
K562_Hesperadin_1.0,114,0.00047664350826784763,0.03947598793440395,0.2867612212896347,0.0016621616623205405,0.1376615281413256
K562_INO-1001_1.0,220,1.5894563443197285e-11,0.001917751487538529,0.016521082658113705,9.620775933465396e-10,0.1160790444079461
K562_IOX2_1.0,221,2.93206724677475e-07,3.529919898110418e-08,0.036782730106885236,7.971314903093356e-06,9.596677266350233e-07
K562_ITSA-1_1.0,173,0.00015609053767143955,0.0010024842201447528,0.0365050142010053,0.004275865688257725,0.02746154855946189
K562_Ivosidenib_1.0,165,8.386056176985019e-07,0.0015375629679814059,0.007124624409091969,0.0001177052388373385,0.21580968759830635
K562_JNJ-26854165_1.0,201,0.0005508567232431637,0.3036047259966532,1.6339323944515651,0.000337135566388021,0.18581229372012
K562_JNJ-7706621_1.0,68,0.000775779050309211,0.08467405885457993,0.09688417837023736,0.00800728316386826,0.8739719970685291
K562_JQ1_1.0,114,0.0007469727496047401,0.04795742920703358,0.21538901329040527,0.0034680169531099048,0.22265494638936578
K562_KW-2449_1.0,150,0.0010040373696635168,0.14156281451384226,0.6835797680748834,0.0014687932799578242,0.20709041011046223
K562_Ki8751_1.0,161,2.7028609287703552e-05,0.006793319744368394,0.10859131274951829,0.00024890213225480553,0.06255859306202677
K562_Lapatinib_1.0,167,0.00036494605948165473,0.0024683983262447228,0.024413391642479434,0.014948601358880698,0.10110837373164064
K562_Lenalidomide_1.0,235,1.7689043968655622e-06,0.003210703755960114,0.014321177385540472,0.00012351668785637383,0.22419272309285374
K562_Linifanib_1.0,224,0.00030867606611637813,0.08697719971338908,0.9507584757275052,0.0003246629654078909,0.09148190832254798
K562_Luminespib_1.0,77,0.00041734963435576195,0.0189803259447217,0.07576498323016696,0.0055084765621592315,0.2505158073758327
K562_M344_1.0,55,0.0006280472248262312,0.05565245184633467,0.09049855810072686,0.006939858910538673,0.614954017105911
K562_MC1568_1.0,219,2.141073869981685e-05,0.0017469887287006713,0.030617851986446315,0.0006992893789314416,0.057057847476498856
K562_MK-0752_1.0,207,9.540953311039225e-06,0.018518754260407555,0.055226659402251244,0.00017275992092055274,0.3353227311020855
K562_MK-5108_1.0,64,0.001220458574567197,0.018637714928223026,0.07639033512936698,0.01597660977007564,0.24398001261102034
K562_MLN8054_1.0,178,1.9618734521979302e-05,0.004246703506861296,0.04775600687911113,0.00041081187067507313,0.08892501246202054
K562_Meprednisone_1.0,277,3.2207971162279134e-05,0.014815185343225797,0.08404228260947598,0.0003832353211054694,0.1762825197415015
K562_Mercaptopurine_1.0,153,0.00022743974485719162,0.12203056746058993,0.7152367234230042,0.00031799226383217964,0.1706156346063607
K562_Mesna_1.0,263,6.691690818646141e-07,0.00019330962108057292,0.004659636702250552,0.0001436097113625646,0.04148598558922127
K562_Mocetinostat_1.0,66,0.00045625697012938973,0.03994240346882078,0.11598507463932037,0.003933755886679518,0.3443753740990379
K562_Momelotinib_1.0,138,0.0004162647724216287,0.008739908794975944,0.11625066681040658,0.0035807516966807223,0.07518157989777277
K562_Motesanib_1.0,209,0.0007309307017648179,0.0018555858339823316,0.009231149111012065,0.07918090077137555,0.20101352623247712
K562_NVP-BSK805_1.0,127,0.0005877687657226084,0.07582569147149722,0.4433210909366608,0.001325830820457368,0.1710401174717193
K562_Nilotinib_1.0,126,0.0011415255165451931,0.03299015760421753,0.5892836981349521,0.001937140837525378,0.055983489291540595
K562_Nintedanib_1.0,60,0.00038498784399255075,0.009880095544374651,0.02666228979619013,0.01443941412892313,0.3705644046291348
K562_Obatoclax_1.0,77,0.0003451724649898501,0.010476611399402222,0.0841610656566546,0.004101331919893024,0.12448287480273651
K562_Ofloxacin_1.0,224,2.981821249174269e-08,0.0020657178549703934,0.02306909942033666,1.292560751871238e-06,0.08954479831793309
K562_PCI-34051_1.0,178,0.00015603679162773512,0.00113126625151886,0.01168733942710484,0.013350924956099111,0.09679416419576807
K562_PD173074_1.0,206,3.934613954091522e-05,0.009974763149188624,0.011608482798975375,0.0033894299730872763,0.8592650152411863
K562_PD98059_1.0,212,1.292573323239152e-07,0.00403215563403339,0.001940363627789473,6.661500477164143e-05,2.0780412373669135
K562_PF-3845_1.0,209,0.00019845919366869364,0.0001617930339749465,0.009740319719572586,0.020375018416479884,0.01661064920177447
K562_PF-573228_1.0,179,7.010807700377578e-05,0.08970481745070881,0.3171200030379825,0.00022107743545707114,0.28287341256100007
K562_PFI-1_1.0,109,0.0008583290429669433,0.12676477647489973,0.46919336583879256,0.0018293716524155877,0.2701759779750469
K562_PHA-680632_1.0,96,0.0004162472216800476,0.03634358632067839,0.37997406125068667,0.00109546220157757,0.09564754552206348
K562_Panobinostat_1.0,60,0.00034480805253325444,0.009497507984956934,0.11006181805084149,0.0031328580486829254,0.0862924868328969
K562_Pelitinib_1.0,86,0.00041645253546044437,0.06530853543016646,0.18773276822434531,0.002218326291139399,0.34788031971126715
K562_Pirarubicin_1.0,146,0.000797871165883003,0.0857476297352049,0.7779243800375196,0.001025641034472427,0.11022617613690068
K562_Pracinostat_1.0,75,0.0007938290448186713,0.03418940686517292,0.22383589761124717,0.0035464778138374147,0.15274318029430767
K562_Prednisone_1.0,228,2.8051738572306324e-06,0.00031706796676694973,0.0264287036533157,0.0001061411824820511,0.011997106287397146
K562_Quercetin_1.0,160,0.0001614052814248781,0.003190188657996866,0.016816342929895554,0.009598120239207121,0.18970763567894722
K562_Quisinostat_1.0,74,0.0006434435678076827,0.005968420484310223,0.12906615626480844,0.004985377936625869,0.046243110177269536
K562_Raltitrexed_1.0,179,0.0012338631126719217,0.20971537397967444,1.39529283841451,0.0008843040533870846,0.15030205001121974
K562_Ramelteon_1.0,245,0.0,0.0037983527258297223,0.020516683564831814,0.0,0.18513483009215867
K562_Regorafenib_1.0,77,0.0007042579548498098,0.19873041841718886,0.6975494848357306,0.0010096171958547987,0.28489795023501285
K562_Resminostat_1.0,104,0.0018174789018101161,0.0772412408557203,0.3309944205813938,0.005490965372218973,0.233361156722961
K562_Resveratrol_1.0,234,0.0006669166772755691,0.07713948753145006,0.6873318764898512,0.0009702979013303721,0.11223033613018975
K562_Roscovitine_1.0,257,6.8342761611954e-05,2.1038678505015518e-07,0.009725266505636817,0.007027340749206427,2.1633009740988985e-05
K562_Roxadustat_1.0,237,1.2950026744975832e-06,0.000193069466351719,0.055083536149726976,2.350979557625953e-05,0.003505030356564644
K562_S3I-201_1.0,264,2.443891812081094e-07,0.0008980325612558065,0.018249939019895262,1.3391232756541669e-05,0.04920742805095468
K562_SB431542_1.0,274,0.00025633680288592584,1.0155897451606203e-06,0.04536612302961725,0.005650401351655651,2.2386522747328293e-05
K562_SL-327_1.0,205,1.1327439981161862e-05,0.005773700447753072,0.16724183311065038,6.773090063935985e-05,0.0345230636400229
K562_SNS-314_1.0,154,0.00035532792729403204,0.05980839249160555,0.265344328350491,0.0013391201142414564,0.22539917421036854
K562_SRT1720_1.0,55,3.9717206618661294e-05,0.0544902342889044,0.18688051601250966,0.0002125272739294162,0.29157793145892674
K562_SRT2104_1.0,227,5.732026175388051e-07,0.0005973178002894505,0.03027352649304602,1.8934121126274225e-05,0.019730697724517073
K562_Selisistat_1.0,240,7.348167530128396e-05,0.002566242770666981,0.033831642278366617,0.002171980736160457,0.0758533313148663
K562_Sirtinol_1.0,242,7.346767791697554e-06,0.016519836481246684,0.0491803472654687,0.00014938421951436655,0.3359032093058411
K562_Sodium_1.0,186,2.2488306020325884e-07,0.01040118143428117,0.009643734354499934,2.3319084903901826e-05,1.0785429224756486
K562_Sorafenib_1.0,97,0.003958828928362992,0.20444107287459903,0.6475991851753659,0.006113085097985362,0.3156907506287823
K562_TAK-901_1.0,58,0.0006422213000607574,0.026948197931051254,0.04257543376750416,0.015084316076914168,0.632951811558983
K562_TG101209_1.0,63,0.0002365785690522494,0.03436654996540811,0.04088017712864611,0.0057871219174946,0.8406653879522042
K562_Tacedinaline_1.0,133,0.0004076948913279921,0.12834666421016058,1.3344674176639981,0.0003055113118023272,0.09617819252180246
K562_Tanespimycin_1.0,84,0.0005007817361426229,0.014037172682583332,0.10891742342048222,0.004597811079402101,0.12887903736385672
K562_Tazemetostat_1.0,212,2.272133427380949e-06,0.007182890449702326,0.02085437223330331,0.00010895237708246494,0.34443091210540666
K562_Thalidomide_1.0,208,3.321448833699176e-07,1.2087926496601793e-06,0.005046855803165171,6.58122396050251e-05,0.00023951400571065978
K562_Thiotepa_1.0,267,0.00028076854068785905,0.013110808091652063,0.08172512989905145,0.003435522721526048,0.16042566231276476
K562_Tie2_1.0,251,0.0004713675362937566,0.003360578244448536,0.07992209204369122,0.005897837809801987,0.042048176649472586
K562_Tofacitinib_1.0,206,0.0001226829668464941,4.3519029993098635e-06,0.04246294055547979,0.0028891773683502476,0.00010248708502944824
K562_Tozasertib_1.0,107,0.0003834302548461387,0.037417307537462974,0.695939568678538,0.0005509533759866574,0.053765167582742274
K562_Trametinib_1.0,152,0.0006095909686539219,0.07710145571165615,0.6737589836120605,0.0009047611734775983,0.11443477205797067
K562_Tranylcypromine_1.0,215,6.106437717284684e-05,0.06557267730434736,0.3397909813457065,0.00017971158896274347,0.19297945179313958
K562_Triamcinolone_1.0,265,0.00023671823712195165,0.029115363914105626,1.4035513665941026,0.00016865662544034908,0.020744067233362317
K562_Trichostatin_1.0,79,0.00015930039986010848,0.025440494964520135,0.14389656831820805,0.0011070479422958643,0.17679709295263996
K562_Tucidinostat_1.0,118,0.0006535922668667304,0.2071832878722085,1.066379835870531,0.0006129075634041555,0.1942865767928517
K562_UNC0379_1.0,152,0.0011072415748559353,0.11152522679832247,0.6946054935455322,0.0015940581886333069,0.160559091217455
K562_UNC0631_1.0,191,4.075697922619131e-05,0.000698880831578208,0.013175776745710108,0.0030933264894201663,0.053042856225213146
K562_Valproic_1.0,235,3.5600314577758733e-08,0.00028925979538851405,0.025554453550527493,1.3931158616782035e-06,0.011319349670951707
K562_Vandetanib_1.0,68,0.0005109141550039769,0.014769558753404353,0.0589546395258771,0.00866622472994208,0.2505241126429331
K562_WHI-P154_1.0,169,8.833361833795708e-07,0.00042578089377782487,0.025601107001097665,3.4503827640800733e-05,0.0166313469866584
K562_WP1066_1.0,203,5.5930223030979205e-05,0.010737830977369514,0.004561111406655982,0.012262411075809465,2.3542137036380892
K562_XAV-939_1.0,164,0.00020627656722354003,0.002178017645524556,0.01122021308341236,0.01838437164161288,0.19411553321963865
K562_YM155_1.0,75,2.965272721363969e-05,0.0028937399529645014,0.04338844795193937,0.0006834244738711442,0.06669378808317473
K562_ZM_1.0,199,0.00017371587216782953,0.01691727265715599,0.03635533516191774,0.004778277284314439,0.46533122530188786
K562_Zileuton_1.0,246,4.216653290238052e-08,1.0609324961505548e-05,0.024649312781790892,1.7106575455332803e-06,0.0004304105779915674
