mmd_de,comb,method,cell_type,drug,dose
0.0035821381025016308,MCF7_Dacinostat_0.001,CRISP,MCF7,Dacinostat,0.01
0.005318753886967897,MCF7_Dacinostat_0.01,CRISP,MCF7,Dacinostat,0.1
0.004499796777963638,MCF7_Dacinostat_0.1,CRISP,MCF7,Dacinostat,1.0
0.003198129590600729,MCF7_Dacinostat_1.0,CRISP,MCF7,Dacinostat,10.0
0.004894845187664032,MCF7_Givinostat_0.001,CRISP,MCF7,Givinostat,0.01
0.004711141809821129,MCF7_Givinostat_0.01,CRISP,MCF7,Givinostat,0.1
0.004510965663939714,MCF7_Givinostat_0.1,CRISP,MCF7,Givinostat,1.0
0.004262326285243034,MCF7_Givinostat_1.0,CRISP,MCF7,Givinostat,10.0
0.01692071557044983,MCF7_Belinostat_0.001,CRISP,MCF7,Belinostat,0.01
0.008205641061067581,MCF7_Belinostat_0.01,CRISP,MCF7,Belinostat,0.1
0.005857420153915882,MCF7_Belinostat_0.1,CRISP,MCF7,Belinostat,1.0
0.005294056609272957,MCF7_Belinostat_1.0,CRISP,MCF7,Belinostat,10.0
0.008850276470184326,MCF7_Hesperadin_0.001,CRISP,MCF7,Hesperadin,0.01
0.06972068548202515,MCF7_Hesperadin_0.01,CRISP,MCF7,Hesperadin,0.1
0.036680690944194794,MCF7_Hesperadin_0.1,CRISP,MCF7,Hesperadin,1.0
0.04395952820777893,MCF7_Hesperadin_1.0,CRISP,MCF7,Hesperadin,10.0
0.005669089034199715,MCF7_Quisinostat_0.001,CRISP,MCF7,Quisinostat,0.01
0.0045532057993113995,MCF7_Quisinostat_0.01,CRISP,MCF7,Quisinostat,0.1
0.004389755427837372,MCF7_Quisinostat_0.1,CRISP,MCF7,Quisinostat,1.0
0.004027708899229765,MCF7_Quisinostat_1.0,CRISP,MCF7,Quisinostat,10.0
0.02088765799999237,MCF7_Alvespimycin_0.001,CRISP,MCF7,Alvespimycin,0.01
0.03352314233779907,MCF7_Alvespimycin_0.01,CRISP,MCF7,Alvespimycin,0.1
0.0451514795422554,MCF7_Alvespimycin_0.1,CRISP,MCF7,Alvespimycin,1.0
0.34565961360931396,MCF7_Alvespimycin_1.0,CRISP,MCF7,Alvespimycin,10.0
0.018312811851501465,MCF7_Tanespimycin_0.001,CRISP,MCF7,Tanespimycin,0.01
0.01731165498495102,MCF7_Tanespimycin_0.01,CRISP,MCF7,Tanespimycin,0.1
0.03849871829152107,MCF7_Tanespimycin_0.1,CRISP,MCF7,Tanespimycin,1.0
0.021729346364736557,MCF7_Tanespimycin_1.0,CRISP,MCF7,Tanespimycin,10.0
0.014422088861465454,MCF7_TAK-901_0.001,CRISP,MCF7,TAK-901,0.01
0.012719586491584778,MCF7_TAK-901_0.01,CRISP,MCF7,TAK-901,0.1
0.024068593978881836,MCF7_TAK-901_0.1,CRISP,MCF7,TAK-901,1.0
0.11604365706443787,MCF7_TAK-901_1.0,CRISP,MCF7,TAK-901,10.0
0.03262290358543396,MCF7_Flavopiridol_0.001,CRISP,MCF7,Flavopiridol,0.01
0.03213906288146973,MCF7_Flavopiridol_0.01,CRISP,MCF7,Flavopiridol,0.1
0.3914947807788849,MCF7_Flavopiridol_0.1,CRISP,MCF7,Flavopiridol,1.0
0.4551364779472351,MCF7_Flavopiridol_1.0,CRISP,MCF7,Flavopiridol,10.0
0.0034427084028720856,A549_Dacinostat_0.001,CRISP,A549,Dacinostat,0.01
0.015750134363770485,A549_Dacinostat_0.01,CRISP,A549,Dacinostat,0.1
0.03893585130572319,A549_Dacinostat_0.1,CRISP,A549,Dacinostat,1.0
0.07378072291612625,A549_Dacinostat_1.0,CRISP,A549,Dacinostat,10.0
0.017083734273910522,A549_Givinostat_0.001,CRISP,A549,Givinostat,0.01
0.006568968296051025,A549_Givinostat_0.01,CRISP,A549,Givinostat,0.1
0.0040175034664571285,A549_Givinostat_0.1,CRISP,A549,Givinostat,1.0
0.02534729801118374,A549_Givinostat_1.0,CRISP,A549,Givinostat,10.0
0.023174285888671875,A549_Belinostat_0.001,CRISP,A549,Belinostat,0.01
0.005275096744298935,A549_Belinostat_0.01,CRISP,A549,Belinostat,0.1
0.004309648647904396,A549_Belinostat_0.1,CRISP,A549,Belinostat,1.0
0.08266780525445938,A549_Belinostat_1.0,CRISP,A549,Belinostat,10.0
0.03267795965075493,A549_Hesperadin_0.001,CRISP,A549,Hesperadin,0.01
0.0497712641954422,A549_Hesperadin_0.01,CRISP,A549,Hesperadin,0.1
0.06022011861205101,A549_Hesperadin_0.1,CRISP,A549,Hesperadin,1.0
0.07340014725923538,A549_Hesperadin_1.0,CRISP,A549,Hesperadin,10.0
0.015812525525689125,A549_Quisinostat_0.001,CRISP,A549,Quisinostat,0.01
0.01746646873652935,A549_Quisinostat_0.01,CRISP,A549,Quisinostat,0.1
0.05173815041780472,A549_Quisinostat_0.1,CRISP,A549,Quisinostat,1.0
0.090658038854599,A549_Quisinostat_1.0,CRISP,A549,Quisinostat,10.0
0.02814030647277832,A549_Alvespimycin_0.001,CRISP,A549,Alvespimycin,0.01
0.01611410640180111,A549_Alvespimycin_0.01,CRISP,A549,Alvespimycin,0.1
0.13625182211399078,A549_Alvespimycin_0.1,CRISP,A549,Alvespimycin,1.0
0.07970333099365234,A549_Alvespimycin_1.0,CRISP,A549,Alvespimycin,10.0
0.010028541088104248,A549_Tanespimycin_0.001,CRISP,A549,Tanespimycin,0.01
0.01859908550977707,A549_Tanespimycin_0.01,CRISP,A549,Tanespimycin,0.1
0.01767108216881752,A549_Tanespimycin_0.1,CRISP,A549,Tanespimycin,1.0
0.07590033113956451,A549_Tanespimycin_1.0,CRISP,A549,Tanespimycin,10.0
0.01878422498703003,A549_TAK-901_0.001,CRISP,A549,TAK-901,0.01
0.011898334138095379,A549_TAK-901_0.01,CRISP,A549,TAK-901,0.1
0.0461081899702549,A549_TAK-901_0.1,CRISP,A549,TAK-901,1.0
0.05640856921672821,A549_TAK-901_1.0,CRISP,A549,TAK-901,10.0
0.035191237926483154,A549_Flavopiridol_0.001,CRISP,A549,Flavopiridol,0.01
0.051599737256765366,A549_Flavopiridol_0.01,CRISP,A549,Flavopiridol,0.1
0.014062166213989258,A549_Flavopiridol_0.1,CRISP,A549,Flavopiridol,1.0
0.021700620651245117,A549_Flavopiridol_1.0,CRISP,A549,Flavopiridol,10.0
0.1856677383184433,K562_Dacinostat_0.001,CRISP,K562,Dacinostat,0.01
0.17323677241802216,K562_Dacinostat_0.01,CRISP,K562,Dacinostat,0.1
0.3016715347766876,K562_Dacinostat_0.1,CRISP,K562,Dacinostat,1.0
0.3142426908016205,K562_Dacinostat_1.0,CRISP,K562,Dacinostat,10.0
0.01876777410507202,K562_Givinostat_0.001,CRISP,K562,Givinostat,0.01
0.03944343328475952,K562_Givinostat_0.01,CRISP,K562,Givinostat,0.1
0.1051662489771843,K562_Givinostat_0.1,CRISP,K562,Givinostat,1.0
0.35357192158699036,K562_Givinostat_1.0,CRISP,K562,Givinostat,10.0
0.029868900775909424,K562_Belinostat_0.001,CRISP,K562,Belinostat,0.01
0.03399409353733063,K562_Belinostat_0.01,CRISP,K562,Belinostat,0.1
0.014641765505075455,K562_Belinostat_0.1,CRISP,K562,Belinostat,1.0
0.36900168657302856,K562_Belinostat_1.0,CRISP,K562,Belinostat,10.0
0.020030736923217773,K562_Hesperadin_0.001,CRISP,K562,Hesperadin,0.01
0.01741940528154373,K562_Hesperadin_0.01,CRISP,K562,Hesperadin,0.1
0.05738560110330582,K562_Hesperadin_0.1,CRISP,K562,Hesperadin,1.0
0.1327459216117859,K562_Hesperadin_1.0,CRISP,K562,Hesperadin,10.0
0.23641633987426758,K562_Quisinostat_0.001,CRISP,K562,Quisinostat,0.01
0.2153342068195343,K562_Quisinostat_0.01,CRISP,K562,Quisinostat,0.1
0.3004511892795563,K562_Quisinostat_0.1,CRISP,K562,Quisinostat,1.0
0.3756226897239685,K562_Quisinostat_1.0,CRISP,K562,Quisinostat,10.0
0.02870798110961914,K562_Alvespimycin_0.001,CRISP,K562,Alvespimycin,0.01
0.09354327619075775,K562_Alvespimycin_0.01,CRISP,K562,Alvespimycin,0.1
0.18440937995910645,K562_Alvespimycin_0.1,CRISP,K562,Alvespimycin,1.0
0.16299651563167572,K562_Alvespimycin_1.0,CRISP,K562,Alvespimycin,10.0
0.015555799007415771,K562_Tanespimycin_0.001,CRISP,K562,Tanespimycin,0.01
0.06192803382873535,K562_Tanespimycin_0.01,CRISP,K562,Tanespimycin,0.1
0.08479223400354385,K562_Tanespimycin_0.1,CRISP,K562,Tanespimycin,1.0
0.22959265112876892,K562_Tanespimycin_1.0,CRISP,K562,Tanespimycin,10.0
0.014093458652496338,K562_TAK-901_0.001,CRISP,K562,TAK-901,0.01
0.03602409362792969,K562_TAK-901_0.01,CRISP,K562,TAK-901,0.1
0.1206798255443573,K562_TAK-901_0.1,CRISP,K562,TAK-901,1.0
0.3099532723426819,K562_TAK-901_1.0,CRISP,K562,TAK-901,10.0
0.03488543629646301,K562_Flavopiridol_0.001,CRISP,K562,Flavopiridol,0.01
0.06711074709892273,K562_Flavopiridol_0.01,CRISP,K562,Flavopiridol,0.1
0.4944635033607483,K562_Flavopiridol_0.1,CRISP,K562,Flavopiridol,1.0
0.49667856097221375,K562_Flavopiridol_1.0,CRISP,K562,Flavopiridol,10.0
